,id,hateful
0,397250289,0
1,557603687,0
2,51361623,0
3,947566416,1
4,752528635,1
5,963207335,1
6,875061242,0
7,616416868,0
8,792588016,0
9,388340751,1
10,199451515,1
11,271458160,0
12,255546183,1
13,188743450,0
14,3969701,1
15,368610566,0
16,272017183,1
17,157277541,0
18,33436988,0
19,1032801445,0
20,498165815,1
21,687451903,0
22,827603754,0
23,1041072801,0
24,103416251,0
25,695223488,0
26,289223354,0
27,893027901,0
28,307097155,0
29,515877957,0
30,132389996,1
31,497146648,0
32,672899961,1
33,481327523,0
34,106273231,1
35,188650860,1
36,256415500,0
37,653876785,0
38,502515629,0
39,392750748,0
40,1043669403,0
41,904223791,1
42,564037702,0
43,727070406,1
44,808839964,0
45,91879,0
46,988670177,0
47,15424523,0
48,437490935,0
49,98096189,1
50,11084635,1
51,509490977,1
52,858076247,0
53,9815572,0
54,246966247,1
55,466163091,0
56,781017363,0
57,97420069,0
58,1031350556,0
59,79811669,0
60,422486191,0
61,1031416312,0
62,803884763,1
63,454912473,0
64,124923346,0
65,91248659,0
66,427589822,1
67,517676106,0
68,930899253,0
69,284759615,1
70,1042410248,0
71,68680660,1
72,256888294,0
73,936530957,0
74,971718990,0
75,84901228,0
76,170931110,0
77,700587168,1
78,866614227,1
79,5004743,0
80,609581924,0
81,1065476298,1
82,813569521,0
83,56488296,1
84,412369856,1
85,282646055,0
86,580388580,1
87,523829662,0
88,752991721,0
89,1039382385,0
90,528951656,0
91,425094361,0
92,34645896,0
93,475788930,0
94,817886628,0
95,1035699423,0
96,344904727,1
97,861590184,0
98,836381727,1
99,866524048,0
100,836320817,0
101,446650213,0
102,461228852,1
103,788208775,0
104,383202737,0
105,1072070540,0
106,794609651,0
107,162915636,0
108,343763518,1
109,195182679,0
110,112536324,0
111,170917879,0
112,738520633,0
113,827723397,0
114,39476288,1
115,1014712210,1
116,872680546,1
117,559542785,0
118,397064285,0
119,171476207,0
120,6488260,0
121,331642423,0
122,637609304,1
123,118303468,0
124,221071257,0
125,807160252,0
126,61330621,0
127,283114202,1
128,258205053,0
129,867298880,1
130,652759821,1
131,424616925,1
132,663047617,0
133,527983834,0
134,680259788,0
135,635422310,0
136,270598115,0
137,166412811,0
138,302203708,0
139,1062763598,1
140,375433873,1
141,543692256,0
142,470886100,0
143,431942087,1
144,935056899,1
145,952893360,1
146,201495110,0
147,56877091,0
148,60606325,0
149,155281581,0
150,507129797,0
151,569618855,0
152,1021680280,0
153,171109874,1
154,148033880,0
155,1000663348,1
156,359722166,0
157,746339174,0
158,498806645,0
159,961987675,0
160,645883049,0
161,759040836,0
162,212954978,0
163,31809298,0
164,634536994,0
165,853801568,0
166,368763500,1
167,1026695879,0
168,109163516,0
169,345389494,0
170,303035036,0
171,807175532,0
172,794414358,0
173,932235137,1
174,268480890,1
175,319260106,0
176,796122101,0
177,29336563,0
178,642288333,0
179,358673718,0
180,822930671,0
181,615145139,1
182,121583552,0
183,867126986,0
184,73456403,1
185,460452529,1
186,82902790,0
187,427855355,0
188,312288779,0
189,837037587,0
190,98425304,0
191,353915148,1
192,676752672,0
193,227966627,0
194,670552774,1
195,978163526,1
196,672225892,0
197,481659386,0
198,360065542,0
199,824223452,1
200,306085699,0
201,385573103,1
202,803690084,1
203,985112261,1
204,838580505,0
205,457089367,0
206,178815751,0
207,694113197,0
208,705315791,0
209,413061224,1
210,705375110,0
211,281272327,1
212,336601726,0
213,1008463555,0
214,538751928,0
215,637888347,1
216,888707281,0
217,728326405,1
218,403793562,0
219,697052007,1
220,403368085,0
221,31672825,1
222,288853213,0
223,853212504,1
224,78677986,0
225,1012268122,1
226,533521546,0
227,980545614,1
228,741976666,0
229,83012525,1
230,131936295,0
231,178618927,0
232,407344545,0
233,343370407,0
234,428297429,1
235,846997237,0
236,9563155,0
237,312216780,1
238,27332385,1
239,580218353,1
240,850474042,0
241,992278885,1
242,968092629,0
243,372445806,0
244,87439417,0
245,810309537,1
246,30946562,0
247,197438548,0
248,318799296,1
249,963193965,0
250,313013776,0
251,4096941,0
252,340696084,0
253,694239754,0
254,403585185,0
255,756198237,1
256,895189586,0
257,646029988,0
258,925746887,0
259,650670105,0
260,999598814,1
261,602549133,0
262,191735734,0
263,70822311,0
264,920535352,1
265,927957076,0
266,726306463,0
267,94512033,1
268,432718825,0
269,476447381,0
270,701874646,1
271,90118660,0
272,817926197,0
273,992386663,0
274,607890457,1
275,246272168,0
276,934923322,1
277,308668408,0
278,263850592,0
279,951040953,0
280,328117986,1
281,208501740,0
282,1045345985,0
283,294992351,1
284,367109996,0
285,1046141218,0
286,79531577,1
287,27734786,1
288,927151361,0
289,1002354494,0
290,182204745,0
291,657207875,1
292,211571648,0
293,585819943,0
294,858416162,0
295,814893975,0
296,186136069,0
297,868078090,1
298,406334876,1
299,148369653,1
300,461826808,0
301,279310017,0
302,154503687,1
303,563273254,0
304,819382051,1
305,827124683,0
306,283156089,0
307,374417831,0
308,541054044,0
309,303932500,0
310,506553372,1
311,697803278,1
312,388118171,0
313,680991511,0
314,576567501,0
315,685811060,0
316,241037744,0
317,722743448,0
318,494301215,0
319,749987147,0
320,989664999,0
321,632276010,1
322,343154754,0
323,459520342,0
324,939215632,0
325,657213142,0
326,835112665,0
327,276954836,0
328,934995328,0
329,951468274,1
330,490879043,1
331,764157523,0
332,205999029,0
333,737293786,0
334,284848723,0
335,337064353,0
336,815745445,1
337,13689561,0
338,213642767,0
339,454340903,0
340,1037294144,0
341,805026919,1
342,167072428,0
343,216544937,1
344,820620417,1
345,100604502,1
346,36052248,0
347,756456108,1
348,585259134,0
349,619080517,1
350,196018050,0
351,319383139,0
352,767407868,0
353,150125515,0
354,538193934,0
355,353954673,1
356,672156679,1
357,1044654828,0
358,655338677,0
359,160689244,0
360,963289878,0
361,954756069,0
362,519960692,1
363,442437192,1
364,978830811,0
365,252003839,0
366,344115773,0
367,350809554,0
368,93497030,1
369,938829347,1
370,12576213,0
371,1009228091,0
372,621660320,0
373,593634042,1
374,876803188,0
375,955549324,1
376,308454,1
377,44910623,1
378,631289471,0
379,551274642,0
380,49382425,1
381,402685267,0
382,379363624,0
383,335264420,0
384,338927967,0
385,305841449,1
386,967244951,0
387,114209107,0
388,884053945,0
389,303965278,0
390,49570642,0
391,940564229,0
392,772037385,0
393,39190967,0
394,1050022546,0
395,49310804,0
396,453054055,0
397,504988121,1
398,694395127,0
399,723418965,0
400,952689817,1
401,348875327,1
402,93734690,1
403,165653546,1
404,440728398,1
405,556929800,0
406,522009306,0
407,1062873461,1
408,30362354,0
409,1006954588,1
410,1005592732,1
411,109970339,0
412,199647787,0
413,6778955,1
414,13250637,0
415,82403918,0
416,96905548,0
417,49273037,0
418,829296154,0
419,690747887,0
420,280601699,0
421,1010257784,0
422,264769288,0
423,655064741,1
424,995192121,0
425,968094454,0
426,692842747,0
427,773061127,0
428,941498824,0
429,975073897,0
430,41284391,0
431,261727150,0
432,637808176,0
433,805196831,0
434,765694462,1
435,903473205,0
436,986427907,1
437,741160403,0
438,686066793,1
439,906843776,0
440,609084111,0
441,128464715,1
442,531390697,0
443,882747173,1
444,637722802,0
445,300726419,0
446,513544342,0
447,268018471,0
448,1070462055,0
449,445627219,0
450,275139575,1
451,221092375,0
452,569998399,1
453,651077748,1
454,112243302,1
455,844814262,1
456,569074377,0
457,350444259,1
458,205088080,0
459,807464398,1
460,122210617,1
461,316770266,1
462,587019356,0
463,784374109,0
464,936220121,0
465,522881542,1
466,632080338,1
467,968188935,1
468,136571491,1
469,614068,0
470,185723207,1
471,694825515,0
472,91842179,0
473,603056990,0
474,641580895,0
475,120924833,0
476,921413927,0
477,740088692,1
478,627255103,0
479,645568239,1
480,441444081,0
481,350624671,0
482,127078391,0
483,943900305,1
484,539026034,1
485,332605434,0
486,482013152,0
487,434131719,0
488,533943662,0
489,560221300,1
490,956755182,0
491,108579695,0
492,247087743,1
493,16499677,0
494,55606161,1
495,872717220,1
496,682008471,0
497,474637858,0
498,813531298,0
499,146162540,1
500,122500131,1
501,318587604,1
502,1006536704,0
503,458349758,0
504,213736772,0
505,120201918,1
506,836030207,1
507,223707590,0
508,381469012,1
509,55165334,1
510,662282187,0
511,924030303,1
512,291519393,0
513,469614246,0
514,908346125,0
515,670023660,0
516,457966476,0
517,322076028,0
518,186630878,1
519,632771296,0
520,108451023,1
521,795890631,0
522,735153644,0
523,1066249519,0
524,833075663,0
525,656573836,0
526,725647741,0
527,856320352,0
528,340245422,0
529,1058999643,0
530,625162765,0
531,978567419,1
532,274154962,1
533,455491430,0
534,582152066,0
535,426269674,0
536,705560474,0
537,443744019,0
538,949452394,0
539,453011201,0
540,427606494,1
541,74958005,0
542,450139320,0
543,401187260,0
544,444737192,1
545,26482884,0
546,110811807,0
547,435140763,0
548,836571442,1
549,706094391,0
550,322561333,0
551,955078872,0
552,227270384,0
553,396261861,0
554,29343354,0
555,1068399241,0
556,763854401,0
557,233203933,1
558,888058628,0
559,492481419,0
560,974801459,0
561,1022232569,0
562,928055622,1
563,379343890,0
564,438404342,1
565,368954488,0
566,925213847,0
567,849966218,0
568,579153816,1
569,1060473518,0
570,300151735,0
571,1010937359,1
572,374393181,1
573,1060689561,0
574,769513858,0
575,149827706,1
576,467521545,1
577,456845156,0
578,760474498,0
579,1069577190,1
580,86929107,1
581,436510229,1
582,447011930,0
583,470437742,0
584,680008564,0
585,918248569,0
586,839325278,0
587,1060344964,1
588,156514450,0
589,150088694,1
590,1060882012,1
591,910472792,0
592,74366341,0
593,129233762,0
594,859922040,0
595,213072521,0
596,938028775,1
597,937180874,0
598,499391065,1
599,784005207,1
600,345106468,0
601,808869433,0
602,722443971,1
603,164494545,1
604,386066116,0
605,997371877,0
606,967955916,0
607,934734769,1
608,277731914,0
609,621849977,0
610,571159367,0
611,1017776027,1
612,762822145,0
613,687771674,1
614,626478110,1
615,362407010,1
616,507692567,0
617,80920264,0
618,723494111,0
619,659839298,1
620,555149428,0
621,106025798,0
622,1028661475,0
623,215495749,1
624,854852540,1
625,570921009,0
626,124328383,0
627,98433586,1
628,712653878,0
629,562622237,0
630,429585467,0
631,866729585,0
632,452651788,0
633,778568781,0
634,949428199,0
635,653868135,0
636,711506547,1
637,1020681720,0
638,133604914,0
639,377666117,0
640,129696032,0
641,326515425,0
642,586886707,1
643,577174482,0
644,707842761,1
645,73466219,0
646,894310083,0
647,190731191,0
648,526236304,0
649,656998124,0
650,55132620,0
651,500232257,1
652,237069279,0
653,538480797,0
654,729693657,1
655,375087671,0
656,377895080,0
657,942429870,0
658,880909985,1
659,319884101,0
660,773309842,0
661,526422169,1
662,965580338,1
663,998812098,0
664,639957151,0
665,571458801,0
666,166724578,1
667,65015165,1
668,875106572,0
669,549439435,1
670,424005361,0
671,1017974447,1
672,56113369,0
673,518836510,0
674,44946135,0
675,118574293,1
676,78235163,0
677,807993378,1
678,286752725,0
679,907681520,0
680,686231285,0
681,561665819,0
682,721818558,1
683,893027458,1
684,1054149998,1
685,540198103,0
686,423252826,0
687,505748101,1
688,363835270,0
689,242245638,1
690,404487813,0
691,320767223,0
692,273799489,0
693,868253265,0
694,33136428,0
695,477411727,0
696,791388192,1
697,1035542195,0
698,864751031,0
699,667570850,1
700,530328770,1
701,1017951420,0
702,724557941,0
703,683417080,0
704,694805953,0
705,367212061,1
706,418702943,0
707,435607204,1
708,96270450,0
709,1016047233,0
710,472828547,0
711,86161536,0
712,257109965,0
713,1031392107,1
714,577303044,1
715,304617363,0
716,417245798,0
717,948846500,1
718,471967377,1
719,27181852,0
720,781884679,0
721,703935444,0
722,879315574,1
723,395521185,0
724,190116812,0
725,806460785,1
726,264451634,0
727,103063471,0
728,799965574,0
729,993839124,1
730,36009935,0
731,548728848,0
732,262204999,1
733,48976013,0
734,938320535,1
735,282195698,1
736,563774210,1
737,880842549,0
738,491581751,1
739,408099975,1
740,717388568,1
741,467219082,0
742,171779360,0
743,3976873,1
744,902780078,1
745,578296492,1
746,812801709,1
747,332759989,0
748,987706762,0
749,422068372,0
750,106310240,1
751,773686824,1
752,244533205,0
753,864062922,0
754,665484610,1
755,397219073,0
756,434212844,0
757,205256154,1
758,779237238,0
759,612483158,1
760,768623785,0
761,446706352,1
762,580537748,1
763,975852250,0
764,719022698,0
765,713718675,0
766,395398331,0
767,603246271,0
768,141459717,0
769,312715124,0
770,198762013,0
771,67932588,0
772,8484954,0
773,813387344,0
774,956271002,0
775,816644671,0
776,845534945,1
777,63947730,1
778,519151495,1
779,346607854,0
780,565277813,0
781,237331022,0
782,310607155,1
783,160545470,0
784,38482956,0
785,150444543,0
786,557793068,0
787,426802165,0
788,691489784,1
789,432903803,0
790,218121210,0
791,53992714,1
792,1014875521,1
793,445541033,1
794,322331737,1
795,938654765,1
796,380146287,0
797,346842944,0
798,1070977930,0
799,214939857,0
800,210369078,0
801,208915593,0
802,1067674836,1
803,924543999,0
804,467530517,1
805,147874417,0
806,565104817,1
807,465335683,0
808,327012523,1
809,252588284,0
810,94897028,0
811,183996190,1
812,295310485,0
813,335106513,1
814,380830539,0
815,761639583,1
816,687790466,0
817,258738317,1
818,34769841,0
819,279610097,0
820,172070303,0
821,430915004,0
822,195404184,0
823,552719151,0
824,930009065,1
825,649375452,1
826,659670475,0
827,793158610,0
828,799496315,0
829,148599901,0
830,97106014,1
831,873297734,0
832,334618074,1
833,719883588,1
834,147481857,0
835,30339728,1
836,456185417,0
837,778492981,0
838,96848277,0
839,606186569,0
840,1057579004,1
841,575295261,0
842,333406385,0
843,12443230,1
844,1017912616,1
845,217064188,0
846,725088319,1
847,1056526350,0
848,403535467,0
849,440468682,0
850,422647841,1
851,793001503,1
852,110493305,1
853,647805692,0
854,412560249,0
855,364717215,0
856,166211140,0
857,476818478,0
858,539843588,0
859,193555835,1
860,727694333,0
861,844356532,1
862,885673417,0
863,684683755,1
864,455504789,0
865,508482316,1
866,448690291,0
867,859870518,0
868,492582348,0
869,344342661,0
870,400957212,1
871,306907606,0
872,983697700,0
873,710053209,0
874,784687698,1
875,149216081,0
876,328601463,0
877,703740977,0
878,298214359,0
879,1019480393,1
880,423751880,1
881,746357679,0
882,304383047,0
883,441961791,0
884,8643561,0
885,49475018,1
886,4744890,1
887,732228806,0
888,304476600,0
889,637070032,0
890,247852194,0
891,753869899,1
892,476676179,0
893,693014773,0
894,692526922,0
895,811034961,0
896,599140867,0
897,874624309,0
898,836227191,0
899,624800158,0
900,642444931,1
901,31038055,0
902,439450487,0
903,348233398,0
904,822679709,0
905,218610946,1
906,959035020,0
907,75133802,0
908,536726216,0
909,863483699,0
910,110234112,0
911,891683719,0
912,211127057,0
913,99794074,0
914,638889920,1
915,103051813,0
916,909534510,1
917,247151294,0
918,1043181435,0
919,366932310,1
920,734887664,0
921,281493671,0
922,745241098,0
923,110320118,0
924,584611331,0
925,222631460,0
926,603934963,0
927,707175601,0
928,405257036,0
929,396287154,0
930,256917100,0
931,356563737,0
932,388896443,1
933,1015614021,1
934,41690057,1
935,504457545,0
936,298217578,0
937,786356993,1
938,998907556,0
939,91926217,1
940,555070355,0
941,521758578,0
942,924172364,1
943,18087708,0
944,610460550,0
945,494291418,0
946,249245012,1
947,1045636374,0
948,162636241,0
949,191458968,1
950,30678197,0
951,1020019160,1
952,53432064,1
953,192673892,0
954,1027382397,0
955,599563051,0
956,755971832,0
957,78414859,0
958,169350920,0
959,52611106,0
960,1017282754,0
961,845365074,0
962,99805719,1
963,535697836,1
964,115037392,0
965,218757401,0
966,877661452,1
967,941088865,0
968,873150512,0
969,805215527,0
970,866621002,0
971,1055481650,0
972,448367904,0
973,13545885,0
974,252578218,0
975,270874491,1
976,1569849,0
977,258875205,1
978,735892241,0
979,828653076,0
980,968297817,0
981,1068487445,0
982,510433183,0
983,405026213,0
984,544530162,0
985,708588868,0
986,299496923,1
987,418825082,1
988,875598792,0
989,943085980,0
990,179029593,0
991,627150493,1
992,355026393,0
993,473644294,1
994,381598412,1
995,691062461,1
996,351581531,0
997,385451171,1
998,221982099,0
999,93246752,0
1000,132518956,0
1001,594364236,0
1002,7073358,0
1003,858459117,0
1004,918111266,0
1005,1048211510,0
1006,47020072,0
1007,488155117,0
1008,455282394,0
1009,443078754,0
1010,139023550,0
1011,883160026,1
1012,1024725355,0
1013,290284374,0
1014,24222483,0
1015,384529877,0
1016,704503060,1
1017,529010366,0
1018,556862328,0
1019,411221078,1
1020,990516900,0
1021,610149111,0
1022,546272321,0
1023,724085842,1
1024,948826653,1
1025,405113262,0
1026,146631786,0
1027,620055707,0
1028,864816572,0
1029,142796714,0
1030,799500884,1
1031,855344669,0
1032,923870302,0
1033,109746806,0
1034,113862140,0
1035,583176704,0
1036,140107634,1
1037,873935331,1
1038,717976597,0
1039,371522500,0
1040,844284468,0
1041,278304807,0
1042,375551835,0
1043,309498553,0
1044,73574218,1
1045,1018127548,0
1046,620465595,0
1047,330064674,0
1048,247455860,0
1049,1066903239,0
1050,780839406,0
1051,631691986,0
1052,274955292,0
1053,521175333,1
1054,388656916,0
1055,374691665,0
1056,225456128,0
1057,583503591,1
1058,927981407,1
1059,202242259,0
1060,1025059015,0
1061,262897676,1
1062,460971296,1
1063,633683639,1
1064,656833711,0
1065,427915151,1
1066,289247995,1
1067,1002199461,1
1068,505126843,0
1069,225108249,0
1070,744975061,0
1071,948570366,1
1072,563088897,0
1073,224396789,0
1074,980211239,0
1075,531392957,1
1076,944504243,0
1077,1030049483,0
1078,560239511,0
1079,536244827,1
1080,685534409,0
1081,16564216,0
1082,740777094,0
1083,430408291,1
1084,1061289540,0
1085,598678367,0
1086,603267230,0
1087,802241177,0
1088,783993370,0
1089,476944168,1
1090,498479857,1
1091,725373743,0
1092,936692083,0
1093,659776218,0
1094,107343380,0
1095,543104518,0
1096,133155054,0
1097,391082204,0
1098,553278397,0
1099,1029329124,0
1100,910327074,0
1101,930913658,1
1102,910308550,1
1103,816050964,0
1104,593620463,0
1105,130693381,0
1106,698798920,1
1107,700116515,0
1108,882589275,0
1109,796618355,0
1110,89801911,0
1111,1027799704,0
1112,364549612,1
1113,35648379,0
1114,855681940,0
1115,283088922,0
1116,7044325,1
1117,327692509,0
1118,572525395,0
1119,284528891,0
1120,427568870,0
1121,217237515,1
1122,1011042802,0
1123,796065791,1
1124,422404300,0
1125,374745382,1
1126,530345834,1
1127,853193777,1
1128,952515758,0
1129,763002504,0
1130,454941605,0
1131,831153961,0
1132,353484964,1
1133,102896950,0
1134,575202221,0
1135,944445854,1
1136,17912889,0
1137,45267360,0
1138,879150792,0
1139,1001826816,0
1140,709829892,0
1141,613811510,0
1142,630418447,1
1143,7425539,0
1144,352818023,0
1145,669219685,1
1146,404040007,0
1147,314697172,1
1148,86312815,0
1149,834860763,0
1150,984771699,0
1151,286389162,1
1152,925779799,0
1153,883000747,0
1154,1052464605,0
1155,721955780,1
1156,91163279,1
1157,23919685,0
1158,497872995,0
1159,812466001,1
1160,567477531,0
1161,141921987,1
1162,317161302,0
1163,612112671,1
1164,166076902,0
1165,482750043,1
1166,190509600,0
1167,782649759,0
1168,451237851,1
1169,608689346,1
1170,76207508,1
1171,613195311,1
1172,194549403,0
1173,80650532,0
1174,58703244,0
1175,359816489,1
1176,259564054,0
1177,720256933,1
1178,929516435,1
1179,822301213,0
1180,229703585,0
1181,787125715,1
1182,743338269,1
1183,992041933,1
1184,104311551,1
1185,74684276,1
1186,378212463,1
1187,1032076547,1
1188,140182452,0
1189,379025201,1
1190,414080751,0
1191,263006537,0
1192,550229169,0
1193,409539711,1
1194,802523694,0
1195,697964448,1
1196,744666527,0
1197,222122096,0
1198,418542015,1
1199,961820109,1
1200,834762567,0
1201,743088832,0
1202,845770768,0
1203,1059104514,0
1204,221455851,0
1205,268520783,0
1206,954749911,0
1207,615796573,0
1208,999797565,0
1209,298839041,0
1210,933926159,0
1211,428679814,1
1212,218926239,0
1213,34773472,0
1214,122340468,1
1215,741541582,1
1216,791857755,1
1217,960919391,1
1218,104560805,0
1219,753275197,0
1220,320632895,1
1221,632956260,0
1222,192302534,0
1223,310515873,0
1224,199767568,0
1225,443109075,0
1226,111134294,1
1227,1009559924,0
1228,297524906,0
1229,940992571,0
1230,306635834,0
1231,630479792,0
1232,564852025,0
1233,433897383,1
1234,313368711,1
1235,861067882,1
1236,882644252,0
1237,695873638,1
1238,84777341,1
1239,17217918,0
1240,896049540,0
1241,705154966,0
1242,778699246,0
1243,972761282,0
1244,324611800,0
1245,182001119,1
1246,723377624,1
1247,486708987,1
1248,858666421,0
1249,1030625029,1
1250,854222908,0
1251,292907427,1
1252,882277976,0
1253,512926731,1
1254,806300300,1
1255,741584831,0
1256,135538456,1
1257,911440994,1
1258,390184816,0
1259,394358316,1
1260,1058382548,0
1261,771330207,0
1262,212695284,0
1263,698239012,0
1264,516898564,0
1265,1679695,0
1266,90849645,0
1267,126466892,1
1268,817216964,0
1269,288484957,0
1270,981823173,0
1271,795133455,1
1272,563987043,0
1273,858209543,0
1274,679231134,0
1275,926248939,1
1276,983708831,0
1277,1030637036,0
1278,807214179,0
1279,107064620,1
1280,674652206,0
1281,780411013,1
1282,797344195,1
1283,416104074,0
1284,857769526,1
1285,215758599,0
1286,266467544,1
1287,485974860,0
1288,1026187628,0
1289,309011489,0
1290,394991422,0
1291,797347186,1
1292,699506796,1
1293,544068557,0
1294,362422604,0
1295,82389284,1
1296,827982963,1
1297,113294985,1
1298,461784080,1
1299,499385959,0
1300,1061212854,0
1301,598464103,0
1302,783290610,0
1303,422845630,0
1304,203805386,1
1305,125338571,1
1306,133913984,0
1307,186689063,1
1308,276828821,0
1309,437892427,0
1310,1025100313,0
1311,1027082691,0
1312,816671494,0
1313,479776538,0
1314,569261655,0
1315,104800493,1
1316,957321378,1
1317,605275005,1
1318,1011389392,0
1319,1040073220,0
1320,601365049,0
1321,793112954,1
1322,660555221,1
1323,814164144,0
1324,305545745,0
1325,248709521,0
1326,42800191,0
1327,992278799,1
1328,760464354,0
1329,311236729,0
1330,738483906,0
1331,295296179,1
1332,170301326,0
1333,198082098,0
1334,582177668,0
1335,657946096,0
1336,824633240,1
1337,939456267,0
1338,704303106,0
1339,271031968,0
1340,998443821,1
1341,923596926,1
1342,713587596,0
1343,681153731,0
1344,709939880,0
1345,456497252,1
1346,196156159,0
1347,830075810,0
1348,852312670,1
1349,429749624,1
1350,98525897,0
1351,594447117,0
1352,347440934,0
1353,892920104,0
1354,830499979,0
1355,435654642,0
1356,59179859,0
1357,455598254,1
1358,166665217,0
1359,647382621,0
1360,1008015880,0
1361,773715986,0
1362,458209399,1
1363,334669082,0
1364,525747313,1
1365,907135362,1
1366,207072487,0
1367,645699103,0
1368,313414056,0
1369,241844881,0
1370,709629349,0
1371,782211796,1
1372,252188235,0
1373,947224378,0
1374,325190875,0
1375,953039198,1
1376,1043473387,0
1377,654349393,0
1378,640116562,0
1379,522724151,0
1380,253813127,1
1381,161669421,1
1382,523150202,0
1383,630100168,0
1384,790838947,0
1385,510674706,0
1386,428817558,0
1387,293622794,0
1388,670401096,0
1389,689079125,0
1390,803243119,1
1391,297659522,1
1392,452062605,1
1393,561677752,1
1394,377458516,0
1395,592134048,0
1396,311209162,0
1397,298255403,0
1398,1029890840,1
1399,415864153,0
1400,582753555,0
1401,451450815,0
1402,206374574,0
1403,288645449,0
1404,1007273919,1
1405,713867078,0
1406,500871106,0
1407,306356763,0
1408,346875956,1
1409,1015215820,0
1410,32434551,0
1411,396353078,0
1412,406286844,1
1413,275333978,0
1414,929315303,0
1415,715016702,0
1416,903766509,1
1417,870161616,1
1418,327899537,1
1419,308876810,0
1420,342151243,0
1421,544935123,0
1422,990879984,0
1423,174485243,0
1424,963470284,1
1425,15216218,1
1426,947342303,1
1427,912363223,0
1428,735184880,0
1429,333710596,0
1430,168613888,0
1431,381848698,0
1432,172646820,1
1433,463693201,0
1434,510525583,0
1435,44657340,0
1436,840978834,0
1437,1013499601,0
1438,532764356,0
1439,756661933,1
1440,568909764,1
1441,974115721,0
1442,906390068,0
1443,298952685,1
1444,503340618,0
1445,396416310,0
1446,802099969,1
1447,696885499,0
1448,734758230,0
1449,531233659,1
1450,445997993,0
1451,699552991,0
1452,1021549296,0
1453,524617283,0
1454,468849679,0
1455,433548878,0
1456,710265553,0
1457,395765839,0
1458,336677834,0
1459,167472502,0
1460,374322976,0
1461,945669143,1
1462,874556653,0
1463,364126140,0
1464,120026868,0
1465,704470968,0
1466,317609179,1
1467,176248538,1
1468,27551431,0
1469,131190228,0
1470,886964603,0
1471,711618397,0
1472,301141657,1
1473,540844247,0
1474,885116069,0
1475,42285535,0
1476,778295151,0
1477,425728311,0
1478,145652883,1
1479,512656440,0
1480,104138894,1
1481,102097643,0
1482,338080327,0
1483,965430081,1
1484,984296173,1
1485,890623169,1
1486,561118447,1
1487,289747205,0
1488,74009197,1
1489,347450846,1
1490,683100341,0
1491,416340508,0
1492,816193678,1
1493,567504169,0
1494,694989306,0
1495,173265999,0
1496,677851942,0
1497,399556921,1
1498,1072719774,1
1499,237911187,0
1500,190148048,0
1501,557212948,0
1502,616435189,0
1503,407104143,0
1504,875844064,0
1505,231487470,0
1506,50641543,0
1507,389703924,0
1508,279995032,1
1509,460371446,0
1510,423729488,0
1511,207636150,0
1512,948033893,0
1513,1055441479,1
1514,536784164,0
1515,328201538,0
1516,174039487,0
1517,437222341,0
1518,794198823,1
1519,926066332,0
1520,463336308,0
1521,1034903601,0
1522,679432289,0
1523,545098869,1
1524,347640483,0
1525,417304549,0
1526,43291532,0
1527,263714484,0
1528,1000100547,0
1529,872144388,0
1530,751557781,0
1531,301031252,0
1532,1047172955,0
1533,659116913,0
1534,480488037,0
1535,529741991,1
1536,470406376,1
1537,510318004,0
1538,490470737,1
1539,374524558,0
1540,645381960,0
1541,365266436,1
1542,149078381,1
1543,399377110,0
1544,522230767,0
1545,123181755,1
1546,305041898,0
1547,355397438,1
1548,630291513,1
1549,175309282,0
1550,444325176,0
1551,384933362,1
1552,7661580,0
1553,522393962,0
1554,841845510,1
1555,784679098,1
1556,555156538,0
1557,435602000,0
1558,852984682,0
1559,896823706,1
1560,894776964,0
1561,473143850,1
1562,637150229,0
1563,291476850,0
1564,770222796,0
1565,1056475922,1
1566,460966221,1
1567,794656343,0
1568,843415633,1
1569,704484734,1
1570,822620619,0
1571,267552005,1
1572,109747451,0
1573,719421270,1
1574,1058904222,1
1575,225399930,0
1576,966424392,0
1577,197652556,0
1578,844580900,0
1579,466160259,0
1580,872948805,0
1581,913703651,1
1582,167244216,0
1583,1025156613,0
1584,669168506,1
1585,573672094,0
1586,634554728,0
1587,1024499586,1
1588,752775879,0
1589,785593029,1
1590,145630539,0
1591,167560926,0
1592,192157835,1
1593,501873197,1
1594,673706432,1
1595,434245762,1
1596,1030468794,0
1597,508309128,0
1598,1073282706,0
1599,357569023,0
1600,483156434,1
1601,1015829279,0
1602,401784545,0
1603,160142678,1
1604,651177700,0
1605,757099319,0
1606,45286006,0
1607,941395813,0
1608,817557160,1
1609,515100796,0
1610,1057778021,0
1611,446129354,1
1612,524284242,0
1613,838605818,0
1614,853866157,0
1615,198511473,0
1616,821706952,0
1617,452155193,0
1618,750681734,1
1619,293826004,0
1620,347002051,0
1621,719175338,0
1622,727072823,1
1623,11198809,0
1624,944892275,0
1625,700743524,0
1626,363527356,1
1627,576498415,0
1628,967952325,0
1629,797711678,0
1630,98357064,0
1631,955417157,1
1632,461597861,0
1633,654436820,1
1634,288917924,1
1635,808564991,0
1636,30025158,0
1637,62815808,0
1638,387960179,0
1639,695078308,0
1640,971982701,0
1641,678320001,0
1642,282733476,1
1643,1051730929,1
1644,710103026,1
1645,388135963,0
1646,658480719,0
1647,630104453,0
1648,738645398,1
1649,1024301764,0
1650,682683973,0
1651,987350298,0
1652,476642996,0
1653,1046885651,0
1654,761442766,0
1655,923482225,0
1656,152511666,1
1657,825601009,0
1658,97111094,0
1659,292177384,0
1660,219835447,1
1661,918667184,1
1662,562166922,0
1663,703040905,1
1664,1005076987,0
1665,1009531338,0
1666,591249692,0
1667,873087834,0
1668,367371097,0
1669,176777762,1
1670,188047830,0
1671,864118944,0
1672,640117068,0
1673,490622789,1
1674,772751234,1
1675,47563208,0
1676,955426865,0
1677,744571822,1
1678,366529273,1
1679,321686223,1
1680,32893156,0
1681,518371508,0
1682,395051256,0
1683,375145562,1
1684,51559392,0
1685,991891754,0
1686,475148289,0
1687,685686551,0
1688,806227616,0
1689,668737754,0
1690,619975993,0
1691,941019569,1
1692,670809983,1
1693,665926290,1
1694,124469868,1
1695,376990466,1
1696,873830502,0
1697,785460919,0
1698,912943629,1
1699,1044084786,0
1700,622183588,1
1701,113206543,0
1702,819652226,1
1703,437675889,0
1704,737115354,1
1705,992303073,1
1706,902606515,1
1707,541755366,1
1708,40127441,1
1709,315304275,0
1710,32585286,1
1711,413140753,1
1712,926327600,0
1713,274125495,0
1714,345355094,1
1715,925584449,0
1716,737251149,0
1717,781531720,0
1718,245436109,0
1719,336161542,0
1720,511852999,0
1721,715509975,0
1722,231968644,0
1723,1003005860,0
1724,227761953,0
1725,443412542,0
1726,116763663,1
1727,291041983,0
1728,919959229,0
1729,307561494,1
1730,827649755,0
1731,861292259,0
1732,842661053,0
1733,70558348,0
1734,920304118,0
1735,454595339,0
1736,455309840,0
1737,213094252,0
1738,787700486,1
1739,106323670,1
1740,801131404,1
1741,249817734,1
1742,910305352,0
1743,623901080,0
1744,368253706,0
1745,558093774,0
1746,769820685,0
1747,135914506,0
1748,333913647,1
1749,882764505,0
1750,429123992,0
1751,938620952,1
1752,590929397,0
1753,849303592,1
1754,248382474,0
1755,501238919,1
1756,159616499,0
1757,816274954,1
1758,904777240,0
1759,722816092,0
1760,438752236,1
1761,796893126,0
1762,890626742,1
1763,917352911,0
1764,870768982,1
1765,811653317,0
1766,80516876,1
1767,408040078,0
1768,656007396,1
1769,1003542607,1
1770,110535261,0
1771,700088933,0
1772,195614589,0
1773,565210546,0
1774,477622795,0
1775,398317121,0
1776,78151583,0
1777,1057494611,0
1778,259579066,0
1779,933974335,1
1780,469677269,0
1781,293698307,0
1782,102300758,0
1783,567840357,0
1784,595192667,1
1785,846066287,0
1786,302394369,1
1787,152728624,0
1788,889533119,0
1789,983266093,0
1790,1010034524,1
1791,197850884,1
1792,493266377,0
1793,68000803,1
1794,105444031,1
1795,161152186,1
1796,755631043,0
1797,987728793,0
1798,383794405,0
1799,490739130,0
1800,521373414,0
1801,830164576,1
1802,744316831,1
1803,818286899,0
1804,928859046,1
1805,751148628,1
1806,711642514,1
1807,759723045,0
1808,732267407,0
1809,758857635,0
1810,1008168411,1
1811,761420895,1
1812,677824658,1
1813,946644279,1
1814,925023116,1
1815,509241268,0
1816,859372397,1
1817,336466691,0
1818,569296859,0
1819,488212379,1
1820,426346256,1
1821,600523461,1
1822,34467368,1
1823,262552615,0
1824,781406427,0
1825,738724998,1
1826,826883089,1
1827,578749939,0
1828,586849648,0
1829,838679870,1
1830,593506495,0
1831,234517688,1
1832,819395339,1
1833,816051762,0
1834,664229062,0
1835,526485141,0
1836,753045356,0
1837,164142683,1
1838,808879120,0
1839,968963807,0
1840,326355333,0
1841,497528007,0
1842,830568802,1
1843,306798268,0
1844,369638035,0
1845,218777077,0
1846,122915292,0
1847,572809021,0
1848,454811020,1
1849,1001895617,0
1850,908172625,0
1851,424993183,1
1852,946794035,1
1853,965390079,0
1854,299604609,1
1855,267888133,0
1856,409349574,1
1857,982609552,0
1858,856084565,0
1859,413959531,1
1860,261246928,0
1861,731062591,1
1862,52541869,0
1863,70135921,1
1864,130794015,0
1865,182668050,1
1866,892620629,1
1867,546397165,1
1868,896139578,1
1869,848926569,0
1870,807928256,0
1871,866418765,0
1872,254933874,1
1873,948510816,0
1874,656441105,1
1875,900942933,0
1876,837450959,1
1877,338715135,0
1878,397883629,0
1879,1022201848,0
1880,6822504,0
1881,548085639,1
1882,827580907,1
1883,574355978,1
1884,207767506,0
1885,945027108,1
1886,836775460,1
1887,18272566,0
1888,906003694,0
1889,400718660,0
1890,114433227,0
1891,626016935,1
1892,817851666,0
1893,4412943,1
1894,261865086,0
1895,522559454,0
1896,888331077,0
1897,663971973,0
1898,59465326,1
1899,385924214,0
1900,163939376,1
1901,120828027,0
1902,444514776,1
1903,299175297,1
1904,510252663,0
1905,340091490,0
1906,402477106,0
1907,1034197254,0
1908,12737840,0
1909,959300121,0
1910,177817899,1
1911,970044206,1
1912,328747068,0
1913,90679079,0
1914,652376434,0
1915,1000991135,0
1916,1009649354,0
1917,446434187,1
1918,1035479195,1
1919,1072390012,1
1920,889528128,0
1921,1025760295,0
1922,354795914,0
1923,39102109,0
1924,620454065,1
1925,1001013333,0
1926,709027332,1
1927,829368594,0
1928,1059874976,0
1929,512124417,0
1930,984061731,0
1931,632319072,1
1932,483850916,1
1933,95251839,0
1934,122628457,0
1935,969516260,0
1936,151014666,0
1937,325155441,0
1938,385176589,1
1939,229509408,1
1940,989786718,0
1941,97901362,1
1942,921907485,0
1943,1035712247,1
1944,292907698,0
1945,832722445,0
1946,611072118,1
1947,66513370,1
1948,1063961278,0
1949,833241446,0
1950,211818984,1
1951,180443225,0
1952,365887237,1
1953,992728359,0
1954,886372039,0
1955,991348895,1
1956,618216237,0
1957,676481264,1
1958,1028346556,0
1959,198407974,1
1960,805611583,0
1961,903434886,0
1962,596116984,0
1963,362227170,0
1964,116396351,0
1965,592616814,1
1966,94097510,0
1967,783068639,0
1968,226851705,0
1969,566161206,0
1970,711293744,0
1971,910897586,0
1972,254697684,0
1973,155094339,0
1974,799925830,1
1975,108344550,1
1976,628071202,1
1977,308389322,0
1978,225177291,0
1979,768079872,0
1980,1035338875,0
1981,320180997,1
1982,936714132,1
1983,614792641,0
1984,1059280612,0
1985,177069484,0
1986,1052643773,0
1987,828259645,0
1988,25568507,0
1989,924062859,1
1990,376908532,1
1991,143171768,1
1992,798229824,1
1993,713975499,1
1994,492259801,1
1995,626563708,1
1996,876104224,0
1997,48872110,0
1998,14010420,0
1999,113944889,0
2000,691948631,0
2001,820115002,0
2002,325391629,0
2003,755964923,1
2004,487803152,0
2005,902736798,1
2006,824024405,1
2007,517661767,0
2008,505244785,1
2009,173279673,1
2010,902664602,0
2011,494990130,0
2012,101698998,0
2013,781860106,0
2014,227416584,1
2015,186611097,1
2016,361415646,0
2017,175980611,0
2018,72811767,0
2019,242485962,0
2020,187942172,1
2021,638737645,0
2022,962902943,1
2023,105523897,0
2024,809870047,0
2025,605095857,0
2026,396692661,0
2027,256897080,0
2028,715120513,0
2029,818485133,1
2030,647650867,1
2031,1057034178,1
2032,1065894964,1
2033,371348848,0
2034,561905788,0
2035,647970973,0
2036,976025048,0
2037,406020361,0
2038,319280490,1
2039,938601161,1
2040,452604373,1
2041,206978174,1
2042,522155300,1
2043,579184667,1
2044,975044886,0
2045,475558434,0
2046,845011302,1
2047,580888371,1
2048,908496944,1
2049,915097685,1
2050,488501521,0
2051,449241856,0
2052,314741200,0
2053,22777694,0
2054,286665249,0
2055,1529194,1
2056,839328588,1
2057,273178728,1
2058,365989408,1
2059,930096564,0
2060,830598266,1
2061,842827184,1
2062,357257753,0
2063,516197305,0
2064,662833184,1
2065,287770819,0
2066,655597273,0
2067,147630403,0
2068,843633823,1
2069,654286534,0
2070,619024641,0
2071,293587744,1
2072,914349370,0
2073,1008647853,1
2074,978005563,1
2075,1003190065,1
2076,235493870,0
2077,703321425,0
2078,863971129,0
2079,366759935,0
2080,34075063,0
2081,879339361,0
2082,820772671,0
2083,169872191,0
2084,277818215,0
2085,909779886,1
2086,577858758,1
2087,756528252,0
2088,1069259854,1
2089,682243295,1
2090,390819134,0
2091,707577342,1
2092,855525741,1
2093,410753814,0
2094,173230463,0
2095,103685265,0
2096,594768704,1
2097,209275290,0
2098,509788629,0
2099,1051189969,0
2100,778488534,0
2101,467437221,0
2102,684987769,0
2103,459756902,0
2104,179491823,1
2105,155467352,0
2106,442073642,0
2107,561929277,1
2108,1042287134,1
2109,380612862,1
2110,586291021,0
2111,958817965,1
2112,690196540,0
2113,493657365,1
2114,519948299,1
2115,808356009,0
2116,895616775,1
2117,937342444,0
2118,710966933,1
2119,650967273,0
2120,595024527,1
2121,583275843,1
2122,341713055,0
2123,370710020,0
2124,666928774,0
2125,629298787,0
2126,446010911,0
2127,182028295,0
2128,401223842,0
2129,611871397,1
2130,482409760,1
2131,991159822,0
2132,489636644,1
2133,199408320,0
2134,494096279,0
2135,522521131,0
2136,52169850,0
2137,612149161,0
2138,787495483,0
2139,138283395,0
2140,788469616,0
2141,377027645,0
2142,649522748,0
2143,985715475,1
2144,597519663,0
2145,838600755,1
2146,879947812,0
2147,62971085,0
2148,874952887,1
2149,46984680,0
2150,789262019,1
2151,543968992,0
2152,316916095,0
2153,889648687,0
2154,1038597980,0
2155,914689681,1
2156,682045843,0
2157,342451929,1
2158,791809662,0
2159,1037522535,1
2160,192245204,0
2161,407849850,1
2162,546666136,0
2163,823896371,0
2164,466730092,0
2165,461325766,1
2166,902799086,0
2167,456433030,1
2168,706437569,0
2169,450535448,0
2170,937037092,0
2171,837167377,0
2172,69592233,1
2173,610085965,1
2174,409459106,1
2175,808439501,0
2176,898475164,0
2177,340735257,1
2178,613710527,0
2179,758309093,0
2180,521828280,0
2181,785042792,0
2182,579427414,0
2183,896981471,0
2184,142842323,0
2185,46865930,0
2186,92142552,0
2187,385010812,0
2188,159272239,1
2189,920983900,0
2190,501773279,0
2191,198803134,0
2192,970963114,0
2193,980632604,0
2194,280849661,0
2195,222021972,0
2196,191475293,0
2197,7488394,0
2198,526072176,1
2199,151910624,0
2200,187853549,0
2201,754684750,1
2202,416980397,1
2203,726606951,0
2204,744597866,1
2205,756650956,0
2206,728802398,0
2207,926431406,1
2208,547630660,0
2209,233810072,0
2210,383885133,0
2211,220795960,0
2212,104588938,0
2213,870021632,0
2214,719560168,0
2215,434547817,0
2216,752645523,0
2217,781503560,1
2218,1018259638,0
2219,479012732,1
2220,700640935,0
2221,684021486,0
2222,362780939,1
2223,602015917,1
2224,834120892,1
2225,943161757,0
2226,142015997,0
2227,135917419,1
2228,1047826239,0
2229,686965530,0
2230,1071756044,1
2231,593295850,0
2232,12384564,0
2233,286749454,1
2234,260379610,1
2235,923581992,1
2236,760044284,0
2237,482896428,1
2238,964620400,0
2239,740376990,1
2240,982195860,0
2241,234978881,0
2242,613200664,1
2243,719239897,1
2244,275836935,0
2245,190679038,1
2246,355564697,0
2247,845385686,0
2248,186142551,0
2249,796106713,0
2250,184021712,1
2251,347260600,0
2252,499224960,0
2253,883901883,0
2254,882177625,0
2255,831245592,1
2256,256979659,0
2257,158226709,0
2258,476954730,1
2259,297171155,0
2260,328373339,0
2261,58119446,1
2262,117095851,1
2263,622687986,1
2264,558706525,1
2265,33898577,0
2266,17481970,0
2267,238195561,0
2268,986941600,1
2269,296743138,0
2270,5188198,1
2271,730274097,1
2272,927388071,0
2273,804689266,1
2274,1013935462,0
2275,856935274,0
2276,1020124903,0
2277,488160337,1
2278,212102949,1
2279,421092945,0
2280,592763677,1
2281,842478695,0
2282,105702499,0
2283,553373498,0
2284,11334226,0
2285,775814098,0
2286,592067517,0
2287,739626111,1
2288,813422740,0
2289,437701423,1
2290,1072971381,0
2291,219497661,1
2292,680011404,0
2293,217790892,1
2294,207766587,1
2295,709849060,0
2296,1040257275,1
2297,460170181,0
2298,983625664,1
2299,248545713,1
2300,262798598,0
2301,794421988,1
2302,321608113,0
2303,544320464,0
2304,552955706,0
2305,1030611761,0
2306,336576114,0
2307,408190395,0
2308,207029662,0
2309,346012478,1
2310,356000421,0
2311,72304458,1
2312,684907325,0
2313,6330865,1
2314,20148538,0
2315,393914829,0
2316,675960462,0
2317,344361065,0
2318,663950073,0
2319,373754019,1
2320,977817470,1
2321,515813939,0
2322,702506364,0
2323,334961542,1
2324,142205389,0
2325,714154134,1
2326,265518424,0
2327,375617211,1
2328,479678614,0
2329,593050376,0
2330,864575468,0
2331,648758323,1
2332,556302923,0
2333,315627526,0
2334,573273772,0
2335,612325550,0
2336,956012726,0
2337,98836690,0
2338,487718440,1
2339,684523874,0
2340,831284997,1
2341,299726314,0
2342,432311310,0
2343,332496317,0
2344,106492059,1
2345,182877760,0
2346,569165072,1
2347,861764023,0
2348,432557724,1
2349,989851983,0
2350,778599985,0
2351,1036315134,1
2352,707233980,0
2353,1068763122,1
2354,58277565,1
2355,251429015,0
2356,523229613,0
2357,143811545,1
2358,213099766,0
2359,326320130,1
2360,799621068,1
2361,1026141159,0
2362,754517058,1
2363,553863250,0
2364,40857417,1
2365,1042748999,0
2366,31932597,0
2367,485054283,0
2368,623160986,0
2369,1009252714,1
2370,159591761,1
2371,445002643,1
2372,620286733,0
2373,619303396,0
2374,220255331,0
2375,196873862,0
2376,697468922,0
2377,94058316,0
2378,495823751,0
2379,167442665,0
2380,856998797,0
2381,212762389,1
2382,1069368873,1
2383,58821683,1
2384,665956951,0
2385,310864588,1
2386,1033898806,1
2387,271571930,1
2388,348485542,0
2389,103506874,1
2390,881994345,1
2391,513640397,0
2392,828905792,0
2393,462446417,1
2394,239336253,0
2395,403224831,0
2396,539917068,1
2397,585864775,1
2398,735958147,1
2399,185388355,0
2400,726517607,0
2401,991973700,0
2402,144356050,0
2403,612718094,1
2404,298902947,1
2405,387493096,1
2406,752399189,0
2407,464520346,0
2408,373235986,0
2409,997040661,0
2410,15191689,1
2411,728220564,0
2412,770257350,0
2413,490747323,0
2414,36000620,0
2415,1033794897,0
2416,1066360950,0
2417,111206375,0
2418,459996020,1
2419,904575175,0
2420,470224835,0
2421,660459116,0
2422,235483530,1
2423,705384990,0
2424,833409017,0
2425,822816526,1
2426,35104676,0
2427,781042056,0
2428,987576776,1
2429,306819991,1
2430,122851168,1
2431,458974328,1
2432,552484481,0
2433,783415470,1
2434,158580752,1
2435,1004173345,0
2436,700875109,0
2437,634881737,1
2438,526633172,1
2439,599627706,0
2440,206846339,0
2441,828291327,0
2442,310254439,0
2443,688524209,1
2444,1004989478,0
2445,702219378,0
2446,412771985,0
2447,875441966,0
2448,205366899,0
2449,272362005,0
2450,717242090,0
2451,672155012,1
2452,925267987,1
2453,145788098,1
2454,848950616,1
2455,439460908,1
2456,92573170,1
2457,1048869945,1
2458,141522640,1
2459,1054621436,0
2460,263315107,0
2461,349165212,1
2462,274796224,1
2463,204625841,1
2464,1032432140,1
2465,947404799,1
2466,1043988694,0
2467,918777923,0
2468,292010397,1
2469,282153127,0
2470,341436663,1
2471,1049399258,1
2472,248893815,0
2473,208970522,0
2474,319378952,1
2475,199407161,0
2476,937843145,1
2477,889889367,0
2478,612295241,0
2479,332599234,0
2480,415524530,0
2481,339828493,1
2482,156683320,1
2483,459346003,1
2484,78360259,0
2485,810959828,0
2486,447699749,0
2487,1070693928,0
2488,815911873,1
2489,734518883,0
2490,214900911,1
2491,550985608,1
2492,442508175,0
2493,735098955,1
2494,805023052,0
2495,283996078,0
2496,509672432,1
2497,161477051,1
2498,469019932,0
2499,183086166,0
2500,672966010,1
2501,919556198,0
2502,1000049564,1
2503,805435464,1
2504,996206898,0
2505,478476787,1
2506,913493328,0
2507,728092377,1
2508,32147781,0
2509,428069335,0
2510,80972534,0
2511,892329618,1
2512,434621392,0
2513,968451788,0
2514,386876247,1
2515,275919523,1
2516,28819242,0
2517,800651998,1
2518,362388455,1
2519,696533619,0
2520,279290514,0
2521,888808735,0
2522,949888400,1
2523,918364265,0
2524,1038720741,1
2525,773773537,0
2526,590870883,0
2527,392566853,0
2528,1059928969,1
2529,311815504,0
2530,789566539,1
2531,784321926,0
2532,652038503,0
2533,308427014,0
2534,188856883,1
2535,443516366,1
2536,240658499,1
2537,720678212,0
2538,719724388,0
2539,614497013,0
2540,667956122,0
2541,352788129,1
2542,428805552,0
2543,772787506,1
2544,826481789,0
2545,243874566,0
2546,317260330,0
2547,910831620,1
2548,575099391,1
2549,690311363,0
2550,540543154,1
2551,1059397036,1
2552,526781451,0
2553,788467237,1
2554,55846463,0
2555,415739337,0
2556,756704108,1
2557,801544309,0
2558,654773573,1
2559,37923492,1
2560,11458911,1
2561,823450567,1
2562,643538443,0
2563,305396854,1
2564,463849174,0
2565,1062622814,0
2566,383412842,0
2567,551093592,0
2568,434089875,0
2569,992285711,0
2570,841518072,0
2571,377172497,0
2572,921227867,0
2573,761518573,1
2574,69178531,0
2575,406936666,0
2576,441158894,0
2577,853556386,0
2578,124377946,1
2579,95918514,0
2580,181544973,0
2581,121508953,1
2582,327785295,1
2583,697562046,0
2584,661818658,0
2585,290541859,0
2586,535213213,0
2587,70121356,1
2588,1028884486,0
2589,94958483,1
2590,727744047,1
2591,262652326,1
2592,237691219,1
2593,224976345,1
2594,882292061,0
2595,1053263118,1
2596,727641329,1
2597,543950633,0
2598,26226563,1
2599,100131180,0
2600,672355141,1
2601,430905805,0
2602,773995963,0
2603,514015466,0
2604,616188585,0
2605,207403646,1
2606,574778368,1
2607,662992051,1
2608,773196249,0
2609,448808306,0
2610,508874541,0
2611,733913230,0
2612,435968611,0
2613,927080785,0
2614,119050557,0
2615,896959935,0
2616,276358226,0
2617,1031466494,0
2618,776938677,0
2619,570284458,0
2620,903937453,1
2621,1042444770,0
2622,977519275,0
2623,746668526,0
2624,377730669,0
2625,1028025044,1
2626,725211525,0
2627,725656872,0
2628,507854378,0
2629,1034007529,0
2630,437020273,1
2631,677194209,0
2632,6834779,0
2633,60180666,1
2634,126444910,0
2635,352928046,0
2636,43785962,1
2637,50392501,0
2638,568139316,0
2639,660396220,1
2640,31290846,0
2641,691475283,0
2642,911280105,0
2643,1047141647,0
2644,80642002,0
2645,99926988,0
2646,168583107,0
2647,174932560,0
2648,861299031,0
2649,5061082,1
2650,699591841,0
2651,253994846,1
2652,40195056,0
2653,207920481,0
2654,338663589,0
2655,515896943,0
2656,853065069,1
2657,35003475,1
2658,1024387092,1
2659,659135517,0
2660,693320994,0
2661,309893263,1
2662,701678919,0
2663,896959522,0
2664,263909394,0
2665,541239265,0
2666,610975447,0
2667,887001282,0
2668,387966651,0
2669,552366203,0
2670,197842828,0
2671,767574023,0
2672,944540558,0
2673,417061783,0
2674,313629152,1
2675,1011966217,0
2676,952712566,0
2677,631968306,0
2678,436025317,0
2679,653278884,0
2680,1003396041,0
2681,793253262,1
2682,124509405,0
2683,941420660,0
2684,129640083,1
2685,757472628,1
2686,739325638,0
2687,1021885013,0
2688,289885759,1
2689,17863798,0
2690,899661919,0
2691,326505925,0
2692,696896016,0
2693,878779150,1
2694,32816979,0
2695,575602611,0
2696,651749006,1
2697,1064200048,1
2698,299085574,1
2699,730255110,0
2700,370405910,0
2701,359800080,0
2702,680242454,0
2703,533856589,0
2704,990042921,0
2705,378918222,1
2706,668840667,0
2707,39312208,0
2708,93619024,0
2709,239670711,0
2710,689862456,1
2711,662993351,0
2712,42683817,1
2713,729392084,0
2714,702879944,1
2715,520185318,1
2716,53641985,1
2717,325078141,1
2718,594135942,0
2719,55926488,0
2720,66429318,0
2721,189086333,1
2722,987258589,0
2723,999394291,0
2724,835504321,1
2725,567812152,0
2726,439705006,0
2727,934387619,1
2728,341040118,0
2729,40380477,1
2730,274644018,0
2731,651309502,0
2732,189091970,0
2733,751521568,1
2734,662732952,1
2735,539991949,1
2736,172051317,0
2737,508820219,0
2738,598967370,0
2739,451031860,0
2740,1048193242,1
2741,319487653,1
2742,325361053,0
2743,843677182,0
2744,229773464,0
2745,1012836842,0
2746,305195367,1
2747,586272335,0
2748,726786176,0
2749,814558145,0
2750,1034165427,0
2751,12883767,0
2752,1050305332,0
2753,33183643,0
2754,774233009,1
2755,15203610,0
2756,213295228,1
2757,740629322,1
2758,635050348,0
2759,737733572,1
2760,943985508,0
2761,131322499,1
2762,125539035,0
2763,436877463,0
2764,613579662,0
2765,19398359,1
2766,400833163,0
2767,980059410,0
2768,989105500,1
2769,514611532,0
2770,219279570,1
2771,908350135,0
2772,86770648,1
2773,977801865,0
2774,805066256,1
2775,691113267,0
2776,729137330,1
2777,122599500,1
2778,430671434,0
2779,110262182,0
2780,462040314,0
2781,646517065,0
2782,133815413,0
2783,329448930,1
2784,671424174,0
2785,284027113,0
2786,411086777,0
2787,613122335,0
2788,486940738,0
2789,841076154,1
2790,49074949,0
2791,653728820,1
2792,991142702,1
2793,423105056,0
2794,76276107,1
2795,783806954,0
2796,510960640,1
2797,893506934,0
2798,381437091,1
2799,394859017,1
2800,809299884,0
2801,507855782,0
2802,704656710,0
2803,2980741,0
2804,670299588,0
2805,151799039,0
2806,487972689,0
2807,903524714,0
2808,87623171,1
2809,5324697,1
2810,80131518,0
2811,394801749,1
2812,1000428316,0
2813,248952994,1
2814,384360237,0
2815,47498828,0
2816,40020363,0
2817,524033772,1
2818,357152483,0
2819,689735464,0
2820,96057712,0
2821,163431603,0
2822,474641329,1
2823,779061056,0
2824,375442872,1
2825,783581177,1
2826,809593553,0
2827,746669883,1
2828,889072843,0
2829,655560172,0
2830,971724374,1
2831,34654722,0
2832,286974459,1
2833,415672079,0
2834,44212790,0
2835,511669068,1
2836,543189555,0
2837,214410364,1
2838,166932599,0
2839,491781368,0
2840,406996530,0
2841,284220002,0
2842,559282971,0
2843,906987914,1
2844,860050268,1
2845,1052050040,0
2846,140881133,1
2847,597014377,1
2848,1562964,0
2849,637207839,1
2850,628492896,0
2851,863787353,0
2852,673457796,1
2853,33484360,1
2854,1046467173,0
2855,556515311,0
2856,1026656379,0
2857,315191584,0
2858,107522432,0
2859,681619178,0
2860,610874601,1
2861,40692463,0
2862,576128538,0
2863,965087248,0
2864,947684847,1
2865,165381977,1
2866,654586204,0
2867,1028608204,0
2868,45168545,0
2869,575757257,1
2870,387329582,0
2871,693681192,0
2872,265101864,0
2873,214175750,1
2874,60830178,0
2875,488529624,0
2876,252316238,0
2877,291951963,0
2878,431343461,1
2879,735914904,0
2880,341220048,1
2881,189409450,1
2882,828608583,0
2883,946070243,1
2884,1044042862,0
2885,388034147,0
2886,554443651,1
2887,983386366,0
2888,981260164,0
2889,1016581344,0
2890,448700579,0
2891,1010602572,1
2892,108082677,0
2893,796619486,1
2894,779757156,1
2895,410783860,0
2896,123253165,1
2897,748065282,0
2898,184401329,1
2899,940451757,1
2900,790040374,0
2901,498440715,1
2902,327413432,0
2903,193720285,1
2904,117407113,0
2905,981431510,0
2906,188989570,0
2907,314214115,0
2908,64352029,0
2909,858287383,1
2910,937614087,0
2911,866419051,0
2912,880268284,0
2913,616798546,0
2914,1066071649,0
2915,342423545,0
2916,936280674,0
2917,262298393,1
2918,972847877,1
2919,95268824,1
2920,241215349,0
2921,186009450,1
2922,800146448,0
2923,325674553,0
2924,305332410,0
2925,1054736532,1
2926,353719460,0
2927,603104265,0
2928,640563507,1
2929,1047299995,0
2930,937732488,0
2931,355293889,0
2932,130833665,1
2933,682146375,1
2934,809037759,0
2935,223602245,0
2936,158234528,0
2937,915965974,0
2938,558260221,1
2939,39403247,1
2940,452964165,0
2941,316139273,0
2942,230549659,0
2943,336824737,0
2944,566355637,1
2945,748251568,1
2946,113669678,1
2947,374020739,0
2948,1011032624,0
2949,466957486,0
2950,880713897,0
2951,336311814,1
2952,983799145,0
2953,612819786,1
2954,337710224,1
2955,869747935,0
2956,519689345,0
2957,1000052669,1
2958,428790025,1
2959,810936792,0
2960,181075299,1
2961,414460659,1
2962,633701411,1
2963,180627976,0
2964,193050830,0
2965,179163215,0
2966,17597945,0
2967,861596686,1
2968,580051935,1
2969,653651567,0
2970,994513756,0
2971,475201165,1
2972,629137255,0
2973,655621841,1
2974,1003983069,0
2975,708496105,0
2976,473195431,0
2977,584112050,0
2978,547338284,0
2979,443778963,0
2980,751739050,0
2981,216614577,1
2982,1015815944,0
2983,744493568,0
2984,574487589,1
2985,938285991,0
2986,745841941,0
2987,525432379,1
2988,844751038,0
2989,695520875,0
2990,72094855,0
2991,450006352,0
2992,720741213,0
2993,116426335,0
2994,103124635,0
2995,133656706,0
2996,586458547,0
2997,137859287,1
2998,307751103,0
2999,70962604,0
3000,913139681,1
3001,779095530,1
3002,909602544,0
3003,876963890,0
3004,203974495,0
3005,977284507,0
3006,573359435,1
3007,229544484,1
3008,1002474276,0
3009,630219579,1
3010,238240571,0
3011,1012261148,0
3012,482328432,1
3013,516096218,0
3014,240777602,0
3015,169042105,0
3016,343462060,0
3017,27242908,0
3018,315532960,0
3019,128931181,0
3020,726960759,0
3021,644581339,0
3022,1019134546,0
3023,598601921,1
3024,1018656893,0
3025,223908049,0
3026,101731201,1
3027,569355272,0
3028,436383774,1
3029,678069884,0
3030,353120816,1
3031,102603195,1
3032,607091264,0
3033,536023317,0
3034,569618090,1
3035,985292914,0
3036,78374393,1
3037,178182519,0
3038,43199628,1
3039,123838514,1
3040,9957827,0
3041,156043375,0
3042,925948183,1
3043,128583854,0
3044,187936545,0
3045,417520043,1
3046,656001230,0
3047,504201501,0
3048,115213239,0
3049,795406392,0
3050,213673270,0
3051,495744935,1
3052,276264887,0
3053,354650074,0
3054,997105972,0
3055,289178469,0
3056,281005764,0
3057,132576429,0
3058,361368026,0
3059,709057899,1
3060,1046411447,1
3061,673469560,0
3062,806425007,0
3063,208526364,1
3064,483258726,0
3065,544355354,0
3066,720613955,1
3067,586994280,1
3068,695897174,0
3069,930692464,1
3070,6570528,1
3071,940914408,1
3072,310997938,1
3073,130307805,1
3074,868326513,0
3075,701216599,0
3076,382962150,0
3077,1002794504,1
3078,252251857,0
3079,373927958,1
3080,84487999,0
3081,672366837,0
3082,485215053,0
3083,494025283,1
3084,795177469,1
3085,502522263,0
3086,731017246,1
3087,604907488,1
3088,762991143,1
3089,287982781,0
3090,426372748,0
3091,50514933,0
3092,642318110,0
3093,669847722,0
3094,957967285,0
3095,886626439,0
3096,113700517,1
3097,802067778,0
3098,674024817,1
3099,467747088,1
3100,422052175,0
3101,858256589,0
3102,863370520,0
3103,462189039,0
3104,670450000,1
3105,699573076,1
3106,731100711,0
3107,45479391,0
3108,470423569,0
3109,141926172,0
3110,755438611,0
3111,762184916,1
3112,274188326,0
3113,266200875,0
3114,892516620,1
3115,877784205,0
3116,59499094,1
3117,639283070,1
3118,578542178,1
3119,518840705,0
3120,480148263,0
3121,160090934,0
3122,208952234,0
3123,192394064,0
3124,174812167,0
3125,863987020,0
3126,588870662,0
3127,967522662,0
3128,430253315,1
3129,402072103,0
3130,460891752,0
3131,1039127697,1
3132,513500698,0
3133,806528433,0
3134,412256916,0
3135,614605373,0
3136,381734198,0
3137,918197522,1
3138,864778305,1
3139,336142310,0
3140,1072772694,0
3141,46654552,1
3142,674576271,0
3143,328645576,0
3144,586556403,0
3145,986071494,1
3146,294463869,0
3147,179218750,1
3148,276834410,1
3149,445801065,1
3150,675265863,1
3151,851671447,0
3152,213313546,0
3153,127508942,0
3154,615997729,0
3155,79512774,1
3156,117326729,0
3157,821256920,0
3158,372807202,1
3159,242289595,0
3160,786989426,0
3161,62291621,1
3162,291039983,1
3163,693958412,0
3164,475215255,0
3165,701825549,0
3166,941092399,1
3167,745178074,1
3168,64033984,0
3169,662325843,0
3170,270714544,0
3171,577582816,0
3172,706175094,0
3173,1008318909,0
3174,635533014,0
3175,496743109,0
3176,242150114,0
3177,770530217,0
3178,236696312,0
3179,1011020711,0
3180,804145191,0
3181,1010043331,0
3182,707889939,0
3183,971562912,0
3184,815499713,1
3185,597892214,0
3186,513962746,0
3187,928616476,0
3188,30338531,0
3189,994332651,1
3190,88056367,0
3191,874423622,0
3192,568457864,0
3193,373268212,0
3194,322447282,1
3195,1063238103,1
3196,33532963,0
3197,852442674,1
3198,1011382346,1
3199,860345542,1
3200,1002406064,0
3201,1001307839,0
3202,689147591,1
3203,6061417,1
3204,295000621,0
3205,716948303,1
3206,557773672,0
3207,679573843,0
3208,797815003,0
3209,206321443,0
3210,751451157,1
3211,521475287,1
3212,311994135,0
3213,390102359,0
3214,162536735,1
3215,739842506,0
3216,6570447,0
3217,23186044,0
3218,196935010,0
3219,632137889,1
3220,566628552,1
3221,735538791,0
3222,970022337,1
3223,241498332,1
3224,343491142,0
3225,101259461,1
3226,379989445,0
3227,895226828,1
3228,929643817,0
3229,858119260,1
3230,707715191,1
3231,755971970,0
3232,578523771,0
3233,878707717,0
3234,16001798,1
3235,258303887,1
3236,417781575,0
3237,955829136,0
3238,308197328,0
3239,435391971,0
3240,47179086,0
3241,436633815,0
3242,733664642,0
3243,147746438,0
3244,387754927,1
3245,662100986,1
3246,643438223,0
3247,497203646,0
3248,134031070,0
3249,188778639,0
3250,553520069,1
3251,672795996,0
3252,731980933,1
3253,497778881,0
3254,546310475,1
3255,321768515,0
3256,580975011,1
3257,865650861,1
3258,1000172755,0
3259,706480997,0
3260,1032280807,0
3261,177868678,0
3262,712329472,0
3263,1027170346,1
3264,544989272,0
3265,305426333,0
3266,868366997,0
3267,552245387,0
3268,147932060,0
3269,722901108,0
3270,860238348,0
3271,158304834,0
3272,605573731,0
3273,956061953,0
3274,999861193,0
3275,772482077,0
3276,835822550,1
3277,677395712,0
3278,1056380107,1
3279,345146772,0
3280,980945763,0
3281,976094724,0
3282,511201082,1
3283,540136501,1
3284,659392301,1
3285,137967359,0
3286,513225993,0
3287,263339299,0
3288,424705373,1
3289,45379683,0
3290,336146289,1
3291,48650818,0
3292,409486794,1
3293,899371401,0
3294,193818994,0
3295,622901319,1
3296,603068400,0
3297,71305518,0
3298,770281257,1
3299,530757561,1
3300,569538219,0
3301,792952947,0
3302,663907349,0
3303,882162888,0
3304,844285110,0
3305,947493497,0
3306,72083844,0
3307,434728546,0
3308,890934494,0
3309,697801251,0
3310,45844821,1
3311,466357033,1
3312,686111573,1
3313,260106618,0
3314,625464884,1
3315,68461684,1
3316,892789780,0
3317,945670798,0
3318,1021964105,0
3319,263185142,1
3320,143247463,0
3321,706412077,0
3322,508678910,1
3323,756533579,0
3324,1035662003,0
3325,50421098,0
3326,42311558,1
3327,384659715,1
3328,692333529,0
3329,1057980770,0
3330,531855083,0
3331,38969636,0
3332,1004662723,0
3333,739683759,0
3334,957799499,1
3335,282099523,0
3336,1064575272,1
3337,785879795,1
3338,459175471,1
3339,591357443,0
3340,890380314,0
3341,592880978,0
3342,551366812,0
3343,766096611,1
3344,595767741,0
3345,783786839,1
3346,431653458,0
3347,1060482930,1
3348,79843077,1
3349,914395409,0
3350,505535739,1
3351,211975522,1
3352,111264367,0
3353,253349292,1
3354,72193741,0
3355,748243535,0
3356,446407987,0
3357,291923807,1
3358,991191909,0
3359,484779555,1
3360,170075251,1
3361,534202492,0
3362,568237183,0
3363,841770040,0
3364,951210641,0
3365,606445962,0
3366,653154389,1
3367,988739032,1
3368,84211091,1
3369,334576179,0
3370,875611924,1
3371,681066979,0
3372,782059080,0
3373,579834925,0
3374,537137765,0
3375,580447823,0
3376,60031457,1
3377,661506578,0
3378,451360199,0
3379,260614557,1
3380,551968433,0
3381,771385010,0
3382,485805219,0
3383,623123952,1
3384,229730155,1
3385,83161545,0
3386,644619070,0
3387,408327727,0
3388,543257249,0
3389,994926822,0
3390,304713332,0
3391,554351339,0
3392,1002007759,1
3393,417767751,0
3394,219594317,1
3395,692738367,0
3396,412230991,0
3397,885893442,0
3398,1043424945,0
3399,890684745,0
3400,54671014,0
3401,633671981,0
3402,1012495838,1
3403,456364808,0
3404,360412697,1
3405,49203558,1
3406,60778918,0
3407,988493368,1
3408,863406382,0
3409,121393557,1
3410,426991604,1
3411,378305093,1
3412,540967416,0
3413,94511472,0
3414,129403043,0
3415,925547945,0
3416,890505735,1
3417,688708018,0
3418,52843440,1
3419,33979714,0
3420,240385838,0
3421,1006208420,0
3422,216778095,0
3423,341189853,1
3424,869912793,0
3425,491429705,1
3426,332368523,0
3427,278479334,0
3428,928389318,0
3429,167348766,1
3430,57485822,0
3431,954029593,0
3432,908212013,0
3433,285186882,0
3434,317604347,1
3435,108337018,0
3436,109152899,0
3437,287195524,0
3438,656102581,0
3439,294828690,0
3440,271314895,1
3441,154917225,0
3442,106122847,0
3443,532363811,0
3444,1001154228,1
3445,116335741,0
3446,885111193,0
3447,615675,1
3448,656995956,0
3449,887957620,1
3450,644253537,0
3451,815023166,0
3452,555511084,1
3453,284161612,1
3454,849447049,0
3455,698510601,0
3456,594095087,0
3457,32199020,0
3458,590520920,1
3459,98269319,0
3460,626360971,0
3461,783841357,0
3462,961825192,0
3463,1067656874,1
3464,573044801,0
3465,169000566,0
3466,91509932,1
3467,550127661,1
3468,944109232,1
3469,740492926,0
3470,315090954,0
3471,230423680,1
3472,657074545,1
3473,330894547,1
3474,937877255,1
3475,758049231,0
3476,94190297,0
3477,502092931,0
3478,885528811,0
3479,1027058200,0
3480,264309534,0
3481,313679331,1
3482,448484824,0
3483,696202652,0
3484,663020012,0
3485,232866519,1
3486,538824588,0
3487,505849792,0
3488,796599377,0
3489,597346574,0
3490,354939091,1
3491,565359037,1
3492,68270802,0
3493,402958483,1
3494,638920648,0
3495,971059887,1
3496,520059677,0
3497,989122121,1
3498,122030010,1
3499,891872916,0
3500,658918948,0
3501,226953436,0
3502,421910884,1
3503,508586409,1
3504,373258690,0
3505,906507480,1
3506,382358908,0
3507,921983336,1
3508,23528797,0
3509,216908504,0
3510,512712419,0
3511,334135828,0
3512,889791716,0
3513,601527902,0
3514,652243849,0
3515,102900339,0
3516,689615654,1
3517,269907473,0
3518,1051193411,0
3519,617549533,1
3520,344629187,0
3521,665103990,0
3522,334820002,0
3523,799128948,0
3524,247079497,1
3525,256022467,0
3526,47376817,1
3527,228386419,0
3528,742816227,0
3529,990456049,0
3530,148837806,0
3531,521466668,1
3532,508316723,1
3533,370626529,1
3534,978821584,0
3535,461588882,0
3536,426439295,0
3537,1007172196,1
3538,72253060,0
3539,262942260,0
3540,705472650,0
3541,876234101,0
3542,786461149,1
3543,747088874,0
3544,562087258,0
3545,145351271,0
3546,15643227,0
3547,636047284,0
3548,468780797,0
3549,1029438188,0
3550,817106027,0
3551,322159250,0
3552,736140136,1
3553,763093090,0
3554,834052476,1
3555,769241149,0
3556,115040841,0
3557,142323343,0
3558,666124183,0
3559,745314012,0
3560,950705815,1
3561,921118431,0
3562,877752159,1
3563,135222578,0
3564,850826208,1
3565,934007971,0
3566,1010228146,0
3567,767990960,0
3568,595922147,0
3569,850488739,0
3570,638498957,1
3571,216587933,0
3572,1065525395,0
3573,441948074,0
3574,387403718,0
3575,618345671,0
3576,334702822,1
3577,932974300,1
3578,44157616,0
3579,773502014,0
3580,554871154,0
3581,1063422658,0
3582,954835612,0
3583,169990879,0
3584,487224288,1
3585,990611973,1
3586,201637382,1
3587,828168903,0
3588,505497119,1
3589,969902833,0
3590,782206689,0
3591,922979549,0
3592,420246255,0
3593,687479760,1
3594,1049479778,0
3595,962951422,0
3596,721202394,1
3597,91205492,1
3598,951974394,0
3599,61078360,0
3600,529731650,0
3601,60114780,0
3602,169003911,0
3603,449152157,0
3604,1041038078,0
3605,575347404,0
3606,999466711,1
3607,779570659,0
3608,776702762,0
3609,267359701,0
3610,989565728,0
3611,522379207,0
3612,157243284,0
3613,407943839,1
3614,427806405,0
3615,609899502,0
3616,533687151,0
3617,946639091,1
3618,168276118,0
3619,533947427,1
3620,818805585,0
3621,508159580,1
3622,616290544,1
3623,321810334,0
3624,309272679,0
3625,88087644,1
3626,888066335,0
3627,265764028,0
3628,851580447,1
3629,486989309,1
3630,841776099,0
3631,976468564,1
3632,1028299953,1
3633,259868249,0
3634,723668399,1
3635,661712635,1
3636,669108025,1
3637,927781681,1
3638,950790538,1
3639,567533335,1
3640,615291571,0
3641,777621770,1
3642,126042285,0
3643,614475557,0
3644,903570820,0
3645,192820522,0
3646,590197884,1
3647,348144622,0
3648,279418400,0
3649,862925204,0
3650,352852019,1
3651,1053383059,0
3652,125010851,0
3653,177857336,0
3654,588273030,0
3655,433550699,0
3656,952965878,0
3657,268371844,0
3658,425464250,1
3659,595832844,1
3660,584719405,1
3661,567316833,0
3662,95871030,1
3663,961025261,1
3664,310057868,0
3665,90229225,0
3666,748602687,0
3667,852867794,0
3668,144187130,0
3669,766183442,0
3670,242522192,1
3671,278200009,0
3672,1065460435,0
3673,238129347,0
3674,115808760,0
3675,439946808,0
3676,999136389,1
3677,600537666,0
3678,88057432,0
3679,329526663,0
3680,866884723,0
3681,971894065,0
3682,18459667,0
3683,1043854094,1
3684,607661655,1
3685,738953322,0
3686,467804106,1
3687,286941953,0
3688,65452690,1
3689,835949119,1
3690,333226943,0
3691,404330388,1
3692,229123420,0
3693,759417815,0
3694,327059567,0
3695,527982241,0
3696,70884445,1
3697,11575224,0
3698,202828617,1
3699,7221330,0
3700,856384754,1
3701,488100108,1
3702,973707553,1
3703,879209446,0
3704,82010113,0
3705,657668199,0
3706,504623813,0
3707,945305814,0
3708,651270017,0
3709,974236279,0
3710,1021080031,0
3711,673561227,0
3712,864059023,0
3713,549264485,1
3714,744882463,0
3715,346071904,1
3716,491650757,0
3717,486686097,0
3718,392767278,0
3719,192198192,0
3720,1060343742,0
3721,681815037,0
3722,93676413,0
3723,541846158,1
3724,391569078,0
3725,811514914,0
3726,983973822,0
3727,412477736,0
3728,12864905,0
3729,386930664,0
3730,1046060137,1
3731,731361497,0
3732,1036512873,0
3733,123104450,0
3734,735172306,0
3735,539264550,0
3736,216968866,0
3737,975475091,0
3738,108588563,0
3739,123357166,1
3740,744594995,1
3741,1070537644,0
3742,752178601,0
3743,609448939,1
3744,212198175,0
3745,922036763,0
3746,997385005,0
3747,330242008,0
3748,531196129,1
3749,949767166,1
3750,505202323,0
3751,45026751,1
3752,123927974,0
3753,9391475,0
3754,58546865,1
3755,576625202,0
3756,147016174,0
3757,143205892,0
3758,1002404979,0
3759,218252453,0
3760,649580994,0
3761,13107987,0
3762,744965656,1
3763,135601470,1
3764,993748748,1
3765,746183342,0
3766,37420126,0
3767,510173760,1
3768,91274405,0
3769,40995383,0
3770,898402124,1
3771,163043621,0
3772,621262718,1
3773,446644034,0
3774,936081352,0
3775,635873300,1
3776,872641299,0
3777,125874394,0
3778,696554388,0
3779,472557156,1
3780,537368128,0
3781,676243304,0
3782,227487500,0
3783,70629479,0
3784,827959968,1
3785,329096506,1
3786,774090950,1
3787,902628927,1
3788,1027877588,0
3789,423076025,1
3790,519939412,0
3791,517467401,0
3792,108599066,0
3793,278095116,0
3794,986932176,0
3795,647820107,0
3796,431269332,0
3797,372384530,1
3798,591458887,1
3799,988840091,1
3800,711890569,0
3801,616297688,0
3802,855052486,1
3803,1056404447,0
3804,364660414,1
3805,901115118,1
3806,1055529863,0
3807,223577467,0
3808,218927025,1
3809,602728525,1
3810,909754443,1
3811,1057506342,1
3812,683149142,1
3813,786451710,1
3814,203901283,1
3815,597794767,1
3816,295300117,1
3817,715885704,1
3818,35328023,0
3819,315114820,0
3820,43198431,1
3821,408172677,0
3822,436164913,1
3823,754357762,1
3824,943291833,0
3825,1049358173,1
3826,786411102,0
3827,544089873,1
3828,921288574,0
3829,18369308,0
3830,388707689,0
3831,443730000,0
3832,434222401,1
3833,456130975,0
3834,120285474,1
3835,594113766,0
3836,853514394,0
3837,1009630735,1
3838,563056004,0
3839,335997460,0
3840,529803264,0
3841,931137066,0
3842,223165768,1
3843,119385981,0
3844,715494270,0
3845,590867469,0
3846,367674476,1
3847,601133236,1
3848,941723910,0
3849,383790644,1
3850,92854993,0
3851,843341577,0
3852,760283250,0
3853,589779617,0
3854,344390192,1
3855,934183077,1
3856,657766018,0
3857,331361946,0
3858,1060863589,1
3859,106616380,0
3860,24757978,0
3861,77942327,0
3862,546603870,0
3863,695752234,0
3864,860666308,0
3865,701265340,0
3866,23745996,1
3867,807727084,0
3868,277906552,1
3869,214643586,0
3870,671342645,0
3871,901739625,1
3872,194144833,0
3873,707901168,0
3874,948732786,1
3875,812308435,1
3876,905340723,0
3877,1013188319,0
3878,975591849,1
3879,875938389,0
3880,539528648,0
3881,924602213,0
3882,723192710,1
3883,900757397,0
3884,905617801,0
3885,748016381,0
3886,913662039,0
3887,208202515,1
3888,356821313,1
3889,329097422,1
3890,391152693,0
3891,901058675,0
3892,613194513,0
3893,1050210168,0
3894,885503942,1
3895,207266073,0
3896,723739596,0
3897,310669201,0
3898,832537216,1
3899,519884429,0
3900,2754426,1
3901,372959512,0
3902,796233790,1
3903,574046082,1
3904,458595187,0
3905,229536397,1
3906,891819497,1
3907,13089765,0
3908,724880344,0
3909,80401357,0
3910,247879360,0
3911,126942964,0
3912,691805218,0
3913,830481472,0
3914,148783057,0
3915,353365025,0
3916,228872698,0
3917,808536357,0
3918,291518128,1
3919,428311491,1
3920,655503884,0
3921,613152983,1
3922,635898931,0
3923,544633854,1
3924,312990487,0
3925,593288872,0
3926,59086532,1
3927,777103091,0
3928,883520645,0
3929,797329706,0
3930,1057932153,0
3931,92027526,1
3932,1027011201,1
3933,573772626,0
3934,443879804,1
3935,67429343,0
3936,62176039,1
3937,163162642,0
3938,903452470,1
3939,177443658,0
3940,945597897,0
3941,482478452,0
3942,541033587,1
3943,665225104,1
3944,316779880,0
3945,933747670,0
3946,592542280,1
3947,471825556,0
3948,1065093396,0
3949,712630453,0
3950,1037171059,0
3951,417689895,1
3952,916574646,0
3953,889176460,1
3954,950705009,0
3955,1069118362,0
3956,459225330,1
3957,617494743,0
3958,47978060,0
3959,682125704,0
3960,368999657,1
3961,494613062,0
3962,800801470,0
3963,997319518,0
3964,390697670,0
3965,326540001,0
3966,158279275,0
3967,27136978,0
3968,330262024,0
3969,132909491,1
3970,875333606,1
3971,513696693,0
3972,732883943,1
3973,432221032,0
3974,856292577,0
3975,407693523,0
3976,757232668,1
3977,84967493,0
3978,45822547,0
3979,411419981,0
3980,697929178,1
3981,114942896,1
3982,948664302,0
3983,831696431,0
3984,856665975,1
3985,853546168,0
3986,191191291,0
3987,233291547,0
3988,308842146,1
3989,1029163936,0
3990,334430817,1
3991,276776096,0
3992,21096724,0
3993,690755362,0
3994,343816109,0
3995,233865216,0
3996,306046409,0
3997,384774860,0
3998,930230925,0
3999,774784405,0
4000,367991714,1
4001,844785589,0
4002,802601465,1
4003,866616964,1
4004,981621809,0
4005,425464891,0
4006,344851196,0
4007,638224541,0
4008,785196340,0
4009,357039137,0
4010,1023912171,0
4011,673510042,0
4012,336192432,1
4013,465906941,1
4014,366534208,0
4015,495428333,0
4016,210812295,0
4017,190667636,0
4018,373338050,0
4019,549976609,0
4020,180793819,0
4021,495042189,1
4022,412823891,0
4023,719307302,0
4024,493533996,0
4025,741057474,1
4026,625412469,0
4027,462375205,0
4028,651559604,0
4029,289265706,1
4030,710875738,0
4031,717029885,0
4032,483724666,1
4033,658666438,0
4034,965053024,0
4035,519042468,0
4036,319450186,1
4037,105911113,1
4038,93353560,1
4039,368909933,1
4040,355699119,1
4041,383138514,1
4042,325003734,0
4043,306084084,0
4044,20912992,0
4045,230122826,0
4046,676309194,0
4047,990739298,0
4048,921051918,0
4049,804258674,0
4050,405295431,0
4051,77390472,1
4052,691916428,1
4053,395868120,0
4054,569462919,0
4055,867117209,0
4056,412941401,1
4057,273130219,0
4058,286045940,0
4059,115890734,0
4060,356532271,0
4061,1061571955,0
4062,703847447,1
4063,362794021,0
4064,1006564453,0
4065,425956648,0
4066,1008692636,0
4067,878775497,0
4068,56280451,0
4069,961751474,1
4070,602806585,0
4071,534752443,1
4072,988954029,0
4073,889328868,0
4074,1036024957,0
4075,758496505,0
4076,693663866,1
4077,549235047,0
4078,727579147,1
4079,185049518,1
4080,1034322254,1
4081,137213199,0
4082,477456920,0
4083,475006056,1
4084,751044796,1
4085,320950640,0
4086,475672443,0
4087,635841848,0
4088,572030854,1
4089,13712236,1
4090,1046908296,0
4091,816267011,0
4092,705165232,1
4093,62599172,0
4094,658819288,1
4095,275315150,0
4096,1028299567,1
4097,1011939665,1
4098,154990533,0
4099,943443205,0
4100,519904272,0
4101,63699605,1
4102,360363222,0
4103,383739723,0
4104,356954682,0
4105,1040612996,1
4106,158785076,1
4107,345565285,0
4108,795729566,0
4109,226809000,0
4110,504661559,0
4111,1040160787,0
4112,541714649,0
4113,224502708,0
4114,1056638902,0
4115,8780419,0
4116,819898028,1
4117,197958983,1
4118,1029470368,0
4119,215740509,0
4120,855808162,0
4121,720457041,0
4122,527950113,0
4123,648638406,0
4124,781426891,1
4125,891246046,1
4126,965924168,1
4127,632231115,1
4128,927034889,0
4129,940424195,0
4130,207066016,1
4131,469486359,1
4132,252850765,0
4133,486513316,0
4134,307209235,0
4135,992308459,1
4136,725202546,1
4137,337571555,0
4138,1046987201,0
4139,804745462,1
4140,580398284,0
4141,541359164,0
4142,689451985,0
4143,129700675,1
4144,44232045,0
4145,379759538,1
4146,22275263,0
4147,283234901,0
4148,741193655,1
4149,796703139,0
4150,572817675,0
4151,127399830,1
4152,828123020,1
4153,366271821,1
4154,1003143416,0
4155,129364770,0
4156,198780971,0
4157,1055526377,0
4158,532794158,0
4159,941016612,0
4160,597771523,0
4161,671336642,0
4162,346603943,0
4163,928582881,1
4164,705399640,0
4165,747843987,1
4166,979894441,0
4167,907712792,1
4168,994957657,0
4169,437656494,0
4170,693927248,0
4171,579958795,0
4172,845436339,1
4173,917911734,0
4174,836587372,0
4175,285042337,1
4176,801862642,0
4177,483108000,0
4178,126398892,0
4179,546346564,1
4180,196894372,0
4181,474765466,1
4182,214448547,0
4183,576876906,1
4184,629037950,0
4185,865505500,1
4186,919136931,1
4187,910417210,1
4188,773869166,0
4189,443721204,1
4190,680803166,1
4191,426351920,1
4192,63778626,0
4193,947347447,1
4194,676486873,0
4195,848254067,0
4196,280477683,1
4197,215984311,0
4198,66312199,0
4199,893436624,0
4200,686069196,0
4201,603200643,1
4202,625711790,0
4203,406776019,0
4204,419687196,0
4205,952908634,1
4206,571752477,0
4207,1032243967,0
4208,995444135,0
4209,24411864,0
4210,813855409,0
4211,966615254,0
4212,371686188,0
4213,683794688,0
4214,830138373,0
4215,575772566,0
4216,444573290,1
4217,658896006,1
4218,504741676,0
4219,710371538,1
4220,771880418,0
4221,971087599,0
4222,194132566,0
4223,290628512,0
4224,904886397,1
4225,595586259,0
4226,775504976,0
4227,969219482,1
4228,441023669,0
4229,650158037,0
4230,206785808,1
4231,176670424,0
4232,794371615,1
4233,28610295,0
4234,507792264,0
4235,689075603,0
4236,533019373,1
4237,520455331,0
4238,96078316,0
4239,457094067,0
4240,961126026,0
4241,305244667,1
4242,966472658,0
4243,444469356,1
4244,875290209,0
4245,144534648,1
4246,132702394,0
4247,207154333,0
4248,497659232,1
4249,647693166,0
4250,742716738,1
4251,1006749518,0
4252,572994767,0
4253,733500385,0
4254,193612001,0
4255,127029844,1
4256,246471425,0
4257,946654502,0
4258,81915702,0
4259,752386291,0
4260,1067106431,0
4261,262775165,1
4262,774092750,1
4263,752566344,1
4264,22236522,1
4265,725844870,0
4266,131563076,1
4267,548127255,0
4268,613958957,1
4269,1034098873,1
4270,165092727,1
4271,553380476,1
4272,645448057,1
4273,682259766,0
4274,446143048,1
4275,388149273,1
4276,1041122610,0
4277,708044942,1
4278,604604243,0
4279,157392250,0
4280,186585153,0
4281,429151399,1
4282,428724081,1
4283,685717617,1
4284,10290140,1
4285,343810137,0
4286,31530503,0
4287,93993598,0
4288,915624530,0
4289,423699821,0
4290,1054920870,0
4291,320955532,1
4292,572003029,0
4293,294244475,0
4294,180302367,0
4295,932815732,1
4296,975494683,0
4297,131478450,1
4298,131680283,0
4299,424995927,0
4300,738194420,0
4301,935591313,1
4302,994329973,1
4303,882403818,0
4304,762509565,1
4305,690751043,0
4306,984861930,1
4307,354362380,0
4308,848403687,1
4309,346817822,0
4310,409814203,1
4311,955945386,1
4312,530833445,1
4313,448847292,0
4314,200050585,0
4315,157826680,1
4316,317130941,1
4317,163858136,0
4318,661078179,0
4319,602650916,0
4320,80582403,1
4321,420989391,1
4322,576762622,0
4323,203525112,0
4324,870559510,1
4325,634511209,0
4326,1010912404,0
4327,883993176,0
4328,55605129,0
4329,370228863,0
4330,976388852,0
4331,244289964,1
4332,965953266,1
4333,216601552,1
4334,705939260,0
4335,114860711,0
4336,967587458,0
4337,268227631,0
4338,334422214,1
4339,299099265,0
4340,975128350,1
4341,241403853,0
4342,525552311,0
4343,722313006,1
4344,464897319,0
4345,383463134,0
4346,49621604,0
4347,365049222,0
4348,953592579,0
4349,950605378,1
4350,398569245,1
4351,641235032,0
4352,605064109,1
4353,306077032,0
4354,111821641,1
4355,161863973,1
4356,43571772,0
4357,447256709,0
4358,602324820,1
4359,580740891,0
4360,107959268,0
4361,1037786185,1
4362,700831233,0
4363,324474225,1
4364,601251106,0
4365,500422869,0
4366,675862179,1
4367,1027563509,0
4368,540581958,1
4369,755665764,1
4370,529487801,0
4371,128757852,0
4372,227494893,0
4373,710678904,0
4374,967296990,0
4375,346474552,1
4376,110705588,1
4377,39442778,0
4378,1073549862,0
4379,912794625,1
4380,164109919,1
4381,95102126,0
4382,145737277,0
4383,454234434,1
4384,849505560,0
4385,1009007976,0
4386,163894795,1
4387,685977815,1
4388,825152179,0
4389,153404845,0
4390,216636672,0
4391,229234183,0
4392,725022076,1
4393,1011279622,1
4394,163662130,0
4395,884344748,0
4396,256927167,0
4397,240853982,0
4398,67412709,0
4399,992535669,1
4400,548868899,1
4401,817208145,1
4402,40519046,1
4403,397868623,0
4404,953942141,0
4405,47110078,1
4406,212897187,0
4407,404859260,0
4408,340405868,0
4409,444517369,0
4410,876331829,1
4411,438489918,0
4412,714974518,0
4413,2343154,0
4414,984513216,0
4415,296871629,1
4416,867405227,0
4417,334549002,0
4418,631130400,0
4419,624670336,0
4420,335489452,0
4421,424933004,1
4422,234848459,0
4423,822334721,0
4424,344003485,1
4425,81484595,0
4426,277082043,1
4427,885661745,0
4428,259609528,0
4429,130861323,0
4430,129582417,0
4431,255593722,1
4432,715197502,1
4433,1022095042,1
4434,92570281,1
4435,359821251,1
4436,411211819,1
4437,860099249,0
4438,794230707,0
4439,598216060,0
4440,20659391,0
4441,845332098,0
4442,435312769,0
4443,845290364,0
4444,620535283,0
4445,682454310,0
4446,24885365,0
4447,802874167,0
4448,707432787,0
4449,375138838,0
4450,1055813947,0
4451,178630985,1
4452,449052318,1
4453,938904940,1
4454,408431021,0
4455,616006526,0
4456,592352971,0
4457,437182575,0
4458,53839920,1
4459,280517824,1
4460,802959376,0
4461,637513293,1
4462,533291486,0
4463,705024801,0
4464,9866101,0
4465,646552918,0
4466,661962359,1
4467,823547996,1
4468,734868441,0
4469,564271621,0
4470,147699074,1
4471,309346714,1
4472,760382619,1
4473,261142486,0
4474,210757356,0
4475,804225572,0
4476,222619259,0
4477,618724891,0
4478,421954302,1
4479,991655172,0
4480,467244461,0
4481,535718802,0
4482,267370380,0
4483,994841203,1
4484,999591552,0
4485,667660223,0
4486,316624578,0
4487,249374708,0
4488,229460134,0
4489,364938258,1
4490,276696166,0
4491,177173978,0
4492,785033297,0
4493,781988477,1
4494,32411682,0
4495,544725181,1
4496,216023047,1
4497,484392493,0
4498,623926702,0
4499,169840673,0
4500,492149756,0
4501,874598695,1
4502,1035321490,0
4503,20628901,0
4504,33767082,1
4505,868536025,1
4506,808126208,0
4507,393002419,0
4508,238684647,0
4509,782958075,0
4510,563491001,0
4511,593458652,0
4512,877061402,0
4513,933404114,0
4514,382999793,0
4515,750077300,0
4516,1042058529,0
4517,220994787,0
4518,96265979,1
4519,117999418,0
4520,700235246,1
4521,955294712,0
4522,540234831,0
4523,1052044563,1
4524,226353775,0
4525,846571918,0
4526,997525838,1
4527,992304378,0
4528,574464212,0
4529,804005131,1
4530,190924932,0
4531,784539206,1
4532,961815464,0
4533,616509119,0
4534,96476756,0
4535,460531480,0
4536,270312117,0
4537,666233236,1
4538,681066645,0
4539,692778048,0
4540,1012086204,1
4541,828724174,0
4542,869367941,0
4543,732884547,1
4544,979733565,1
4545,894001774,1
4546,957558608,0
4547,159298837,1
4548,568139243,0
4549,556769159,0
4550,501645174,0
4551,1026944563,1
4552,864048388,0
4553,5009792,1
4554,539382632,0
4555,30118814,0
4556,303696046,1
4557,935590529,1
4558,313383963,1
4559,724381040,0
4560,61380746,0
4561,162829137,0
4562,288032495,0
4563,794119729,0
4564,783651906,0
4565,581048625,0
4566,586021691,0
4567,160757642,0
4568,507159571,1
4569,458084730,0
4570,188751681,0
4571,630100172,1
4572,868285490,1
4573,517169553,0
4574,252082631,0
4575,828393291,1
4576,105877984,0
4577,390386919,0
4578,449571247,1
4579,108482467,0
4580,898396384,1
4581,50622931,1
4582,718309417,1
4583,112745817,0
4584,945473251,1
4585,839292867,1
4586,1066021622,0
4587,206415172,1
4588,633175666,0
4589,43779506,0
4590,476690322,0
4591,651444364,0
4592,697529095,0
4593,842150718,1
4594,116743341,0
4595,72541521,0
4596,474289591,1
4597,494568456,0
4598,482954920,0
4599,712308209,0
4600,890949719,0
4601,938876550,0
4602,988816765,1
4603,651947912,0
4604,355006827,0
4605,735414465,0
4606,919043248,0
4607,948686369,0
4608,515917815,1
4609,686298234,0
4610,860277776,1
4611,817010043,0
4612,194181873,0
4613,131244840,0
4614,296889215,0
4615,380341647,0
4616,1063396143,0
4617,843265140,0
4618,244678956,0
4619,875353559,1
4620,423671208,0
4621,916711829,0
4622,155056270,0
4623,702858478,1
4624,752384450,0
4625,49776952,0
4626,493343922,1
4627,689073086,1
4628,53921577,0
4629,637727239,1
4630,499352182,1
4631,796387342,1
4632,179187532,1
4633,26540961,1
4634,405225360,1
4635,249229549,0
4636,979926683,0
4637,894062201,0
4638,625179752,0
4639,505547798,0
4640,438994061,0
4641,216576663,0
4642,617650280,0
4643,462176397,0
4644,276965362,0
4645,1029829787,0
4646,542831335,0
4647,898528810,0
4648,500043271,0
4649,373452277,0
4650,385240450,1
4651,742010046,0
4652,925395827,1
4653,411859868,0
4654,263117180,0
4655,653539923,0
4656,514023624,0
4657,999086627,1
4658,1034138528,0
4659,565408109,0
4660,651831074,0
4661,963113072,1
4662,1038007288,0
4663,692140950,0
4664,963715263,1
4665,121696501,1
4666,857397689,1
4667,892582047,1
4668,289032747,1
4669,87583407,0
4670,470913175,1
4671,1009707801,0
4672,23576118,0
4673,966230704,0
4674,219358643,0
4675,359944564,1
4676,811706504,1
4677,5779569,0
4678,979385858,0
4679,363925049,0
4680,245824373,0
4681,154231505,0
4682,468027936,0
4683,907762007,1
4684,875329786,0
4685,900839013,1
4686,579196799,0
4687,129876362,0
4688,694790862,0
4689,786703684,1
4690,390250763,1
4691,144316695,0
4692,86675240,0
4693,70161976,0
4694,73447993,1
4695,110111071,0
4696,215344841,0
4697,625265416,1
4698,258451662,0
4699,336136625,0
4700,310812797,0
4701,664328419,0
4702,852177409,0
4703,708334849,0
4704,431325735,0
4705,379160679,1
4706,337351729,1
4707,847384695,0
4708,198461891,1
4709,1028767099,0
4710,242498240,0
4711,425880424,1
4712,395430792,1
4713,551145692,0
4714,869105518,1
4715,506917752,0
4716,485772239,0
4717,570335494,1
4718,887177360,0
4719,633688460,0
4720,148286010,1
4721,107915391,0
4722,539250352,0
4723,835779508,0
4724,882207031,0
4725,651689611,0
4726,544740074,1
4727,305100495,0
4728,378231483,0
4729,460755939,1
4730,259367110,0
4731,788642330,0
4732,1038105547,0
4733,919445763,0
4734,915078253,0
4735,809340042,0
4736,36749147,0
4737,119578115,1
4738,677720556,1
4739,805931508,0
4740,904736933,1
4741,487135978,0
4742,107084212,0
4743,1002633875,0
4744,588078280,0
4745,314194061,1
4746,643523776,0
4747,693509240,0
4748,241387305,0
4749,645963305,1
4750,788463067,1
4751,472685761,0
4752,818592454,1
4753,1018651925,1
4754,727827896,0
4755,984535221,0
4756,920975040,1
4757,855678800,1
4758,489844971,0
4759,241964825,0
4760,169016920,0
4761,1014437020,0
4762,448090119,0
4763,1038671457,0
4764,849822052,1
4765,267171793,0
4766,499561877,1
4767,760648163,1
4768,695733153,0
4769,847813439,1
4770,930379756,0
4771,870281936,0
4772,576438777,0
4773,337382335,1
4774,909182563,0
4775,524232414,0
4776,655783483,1
4777,794664845,1
4778,232999907,1
4779,172167429,0
4780,456327580,0
4781,89218841,1
4782,550921917,0
4783,89988156,0
4784,600141462,0
4785,126128312,0
4786,600061135,0
4787,408956386,0
4788,306516742,0
4789,735477875,0
4790,613378645,0
4791,698024936,0
4792,617128968,0
4793,322119408,0
4794,50930624,0
4795,191117627,0
4796,922347724,0
4797,273928805,0
4798,689137659,0
4799,1702569,0
4800,149502403,1
4801,588559516,0
4802,366550963,0
4803,669592915,0
4804,601210879,0
4805,1067368020,0
4806,990831766,0
4807,570225257,0
4808,636195900,0
4809,109465657,0
4810,474259410,0
4811,548939598,0
4812,555306839,0
4813,499863643,0
4814,607925535,0
4815,501225954,1
4816,870161858,1
4817,1051598573,1
4818,594933780,0
4819,204152670,1
4820,1034083048,1
4821,756589701,0
4822,986120460,0
4823,225900773,0
4824,702030905,0
4825,282024304,0
4826,974985653,1
4827,931475042,0
4828,907853259,0
4829,198026764,1
4830,956644529,0
4831,505399561,1
4832,555940297,1
4833,334561986,0
4834,237644501,0
4835,415410649,0
4836,681178315,0
4837,483119861,0
4838,542493455,0
4839,78060639,0
4840,414855862,0
4841,1010530496,0
4842,914184418,1
4843,99282456,0
4844,54307238,0
4845,10682349,0
4846,420796380,0
4847,705823323,0
4848,362456889,0
4849,356837467,0
4850,141102355,1
4851,593514629,0
4852,794133105,1
4853,470590964,0
4854,324211872,0
4855,267930513,0
4856,736322083,1
4857,801945329,0
4858,644866619,1
4859,174162223,0
4860,80943908,1
4861,680505229,1
4862,351209528,0
4863,131348586,1
4864,89998443,0
4865,380499500,1
4866,637670731,1
4867,342372191,1
4868,884968439,1
4869,922681257,0
4870,307915944,0
4871,426324454,1
4872,455818678,0
4873,194983631,0
4874,985568086,1
4875,991632371,0
4876,881044229,1
4877,893140824,0
4878,681601011,0
4879,346476261,0
4880,18410135,1
4881,526723507,0
4882,290149566,0
4883,755954847,0
4884,997413271,0
4885,746564420,1
4886,362639932,1
4887,483027931,0
4888,701642483,0
4889,970419677,0
4890,673020489,1
4891,583806675,0
4892,919064156,0
4893,739200409,1
4894,949152373,0
4895,138548086,1
4896,310686773,0
4897,17240808,0
4898,1070870393,1
4899,636225068,0
4900,14492185,0
4901,608361982,1
4902,607326507,0
4903,267070195,0
4904,178654244,0
4905,431168733,1
4906,387157696,0
4907,234760738,0
4908,1027129692,0
4909,1069550419,1
4910,594342064,1
4911,1057916250,0
4912,1038495560,0
4913,54930149,0
4914,122661067,0
4915,908888221,1
4916,540455195,0
4917,588574163,1
4918,467810480,1
4919,513537097,0
4920,88564299,0
4921,736872507,0
4922,741183219,1
4923,738328947,1
4924,500057851,1
4925,670842137,0
4926,419246503,0
4927,895076485,0
4928,147848992,1
4929,925779181,0
4930,771282955,0
4931,766213410,0
4932,258737619,1
4933,171184472,0
4934,972853346,1
4935,923799617,0
4936,817432212,0
4937,520829153,0
4938,81754369,0
4939,130170389,0
4940,271002172,1
4941,769003668,0
4942,336280635,1
4943,632338449,0
4944,650262890,0
4945,795666663,0
4946,306449156,0
4947,273769135,1
4948,706795289,0
4949,273915696,0
4950,699429965,0
4951,456506372,0
4952,286501362,0
4953,713081350,0
4954,121740845,1
4955,764935082,1
4956,476130756,1
4957,1072848377,0
4958,803132646,1
4959,929689806,0
4960,780068334,0
4961,2314313,1
4962,582219061,0
4963,84446671,1
4964,1005346898,1
4965,443630426,1
4966,783850598,1
4967,791046308,0
4968,116338130,0
4969,1061721902,1
4970,858494527,0
4971,791290436,1
4972,697808098,1
4973,453636760,1
4974,607862900,1
4975,384362791,1
4976,137339109,0
4977,1025563514,0
4978,88313058,1
4979,406359893,1
4980,256805216,1
4981,455283435,0
4982,884730446,0
4983,123666470,1
4984,347082726,0
4985,345575662,1
4986,680447925,1
4987,677125191,0
4988,62472440,0
4989,351492250,0
4990,132129671,1
4991,172144551,0
4992,366034277,1
4993,570193187,0
4994,820444286,0
4995,494945715,1
4996,346666309,0
4997,349076166,1
4998,210148111,1
4999,815216554,0
